"javax.faces.component.UIPanel@1aa56b7f","State","Covered Entity Type","Individuals Affected","Breach Submission Date","Type of Breach","Location of Breached Information","javax.faces.component.UIPanel@654411ff","Web Description"
"Manhattan Retirement Foundation d/b/a Meadowlark Hills","KS","Healthcare Provider","14442","02/26/2026","Hacking/IT Incident","Network Server","No",""
"44North","MI","Business Associate","2158","02/16/2026","Hacking/IT Incident","Desktop Computer","Yes",""
"Academic Urology & Urogynecology of Arizona","AZ","Healthcare Provider","73281","02/13/2026","Hacking/IT Incident","Network Server","No",""
"Cedar Valley Services ","MN","Healthcare Provider","501","02/13/2026","Hacking/IT Incident","Network Server","No",""
"Alexes Hazen MD, PLLC","NY","Healthcare Provider","500","02/12/2026","Hacking/IT Incident","Email, Network Server","No",""
"University Spine Center","NJ","Healthcare Provider","582","02/12/2026","Hacking/IT Incident","Network Server, Other","Yes",""
"BlueCross BlueShield of Tennessee, Inc.","TN","Business Associate","1670","02/11/2026","Hacking/IT Incident","Network Server","Yes",""
"First Choice Community Home Care, Inc.","TX","Healthcare Provider","725","02/11/2026","Hacking/IT Incident","Network Server","Yes",""
"Five Star Home Health, Inc.","OK","Healthcare Provider","1575","02/10/2026","Hacking/IT Incident","Network Server","Yes",""
"Houston Health Department","TX","Healthcare Provider","7445","02/10/2026","Hacking/IT Incident","Network Server","Yes",""
"ApolloMD Business Services, LLC","GA","Business Associate","626540","02/10/2026","Hacking/IT Incident","Network Server","Yes",""
"Counseling Center of Wayne & Holmes Counties ","OH","Healthcare Provider","83354","02/09/2026","Hacking/IT Incident","Network Server","No",""
"Wendy Foster OD","KS","Healthcare Provider","20000","02/09/2026","Hacking/IT Incident","Network Server","No",""
"Adapt Integrated Health Care","OR","Healthcare Provider","2908","02/09/2026","Hacking/IT Incident","Network Server","Yes",""
"Carolina Foot & Ankle Associates","NC","Healthcare Provider","501","02/09/2026","Hacking/IT Incident","Network Server","No",""
"EDGAR A MARTORELL MD LLC","FL","Healthcare Provider","1107","02/06/2026","Hacking/IT Incident","Network Server","Yes",""
"Marin Cancer Care","CA","Healthcare Provider","501","02/06/2026","Hacking/IT Incident","Network Server","No",""
"TriZetto Provider Solutions","MO","Business Associate","3433965","02/06/2026","Hacking/IT Incident","Network Server","Yes",""
"Apex Spine & Neurosurgery, LLC","GA","Healthcare Provider","2500","02/06/2026","Hacking/IT Incident","Network Server","No",""
"Triad Radiology Associates","NC","Healthcare Provider","11011","02/06/2026","Hacking/IT Incident","Email","No",""
"Cottage Hospital","NH","Healthcare Provider","1005","02/06/2026","Hacking/IT Incident","Network Server","No",""
"WIRX Pharmacy","PA","Healthcare Provider","20047","02/05/2026","Hacking/IT Incident","Network Server","No",""
"Personalis, Inc.","CA","Healthcare Provider","650","02/04/2026","Hacking/IT Incident","Email","No",""
"Issaqueena Pediatric Dentistry PA","SC","Healthcare Provider","501","02/04/2026","Hacking/IT Incident","Network Server","No",""
"EyeCare Partners, LLC, including The Ophthalmology Group, Ophthalmology Consultants, and Ophthalmology Associates.","MO","Healthcare Provider","17110","02/03/2026","Hacking/IT Incident","Email","No",""
"Mindoula Health, Inc. ","MD","Business Associate","626","02/02/2026","Hacking/IT Incident","Email","Yes",""
"Pafford Medical Services","AR","Healthcare Provider","1000","02/02/2026","Hacking/IT Incident","Network Server","No",""
"BAYADA Home Health Care, Inc.","NJ","Healthcare Provider","9526","01/30/2026","Hacking/IT Incident","Network Server","Yes",""
"Health and Hospital Corporation of Marion County","IN","Healthcare Provider","792","01/30/2026","Unauthorized Access/Disclosure","Email, Laptop","No",""
"Wakefield & Associates, LLC","TN","Business Associate","31751","01/30/2026","Hacking/IT Incident","Network Server","Yes",""
"Lincoln National Corporation d/b/a/ Lincoln Financial","IN","Health Plan","998","01/30/2026","Unauthorized Access/Disclosure","Paper/Films","No",""
"Clinic Service Corporation","CO","Business Associate","82331","01/28/2026","Hacking/IT Incident","Network Server","Yes",""
"WindRose Health Network","IN","Healthcare Provider","691","01/27/2026","Hacking/IT Incident","Network Server","No",""
"Pecan Tree Dental, PLLC","TX","Healthcare Provider","13300","01/26/2026","Hacking/IT Incident","Network Server","No",""
"Jefferson-Blount-St. Clair Mental Health Authority","AL","Healthcare Provider","30434","01/23/2026","Hacking/IT Incident","Network Server","No",""
"Precipio, Inc. ","CT","Healthcare Provider","501","01/23/2026","Hacking/IT Incident","Network Server","No",""
"True RCM, a Rapid Care Transcription, Inc., Company","MD","Business Associate","1247","01/20/2026","Hacking/IT Incident","Desktop Computer","Yes",""
"Middlesex Sheriff's Office","MA","Healthcare Provider","501","01/20/2026","Hacking/IT Incident","Network Server","No",""
"AdventHealth Daytona Beach ","FL","Healthcare Provider","821","01/20/2026","Loss","Paper/Films","No",""
"Benton County Health","OR","Healthcare Provider","1476","01/16/2026","Hacking/IT Incident","Network Server","Yes",""
"Central Texas MHMR Center dba Center for Life Resource ","TX","Healthcare Provider","501","01/16/2026","Hacking/IT Incident","Network Server","No",""
"Minnesota Department of Human Services","MN","Health Plan","303965","01/16/2026","Unauthorized Access/Disclosure","Network Server","Yes",""
"Superior Care Plus LLC d/b/a Supportive Home Health LLC","OH","Healthcare Provider","1415","01/16/2026","Hacking/IT Incident","Email","No",""
"Administrators of the Tulane Educational Fund d/b/a Tulane University Medical Group","LA","Healthcare Provider","6530","01/15/2026","Hacking/IT Incident","Email","No",""
"360 Dental PC","PA","Healthcare Provider","11273","01/15/2026","Hacking/IT Incident","Network Server","No",""
"Southern Immediate Care, LLC","AL","Healthcare Provider","7447","01/15/2026","Hacking/IT Incident","Email","No",""
"Florence County Commission on Alcohol & Drug Abuse – dba Circle Park Behavioral Health Services (“Circle Park”)","SC","Healthcare Provider","7020","01/14/2026","Hacking/IT Incident","Email","No",""
"TMG Health, Inc.","TX","Business Associate","2076","01/13/2026","Unauthorized Access/Disclosure","Network Server","Yes",""
"FullBeauty Brands, Inc. Associate Benefits Plan","NY","Health Plan","4725","01/13/2026","Hacking/IT Incident","Network Server","No",""
"Avosina Healthcare Solutions","VA","Business Associate","44425","01/10/2026","Hacking/IT Incident","Network Server","Yes",""
"Foundation Health Partners","AK","Healthcare Provider","523","01/09/2026","Unauthorized Access/Disclosure","Paper/Films","No",""
"Illinois Department of Human Services","IL","Health Plan","705017","01/09/2026","Unauthorized Access/Disclosure","Network Server","No",""
"The Center for Neuropsychology and Learning, PC ","MI","Healthcare Provider","3722","01/09/2026","Hacking/IT Incident","Network Server","No",""
"Central Ozarks Medical Center","MO","Healthcare Provider","11818","01/09/2026","Hacking/IT Incident","Network Server","No",""
"Devereux Foundation","PA","Healthcare Provider","501","01/08/2026","Hacking/IT Incident","Network Server","No",""
"ABKSW PREFERRED HEALTH PARTNERS, PLLC d/b/a NORTH TEXAS PREFERRED HEALTH PARTNERS","TX","Healthcare Provider","2074","01/08/2026","Hacking/IT Incident","Network Server","Yes",""
"Methodist Homes of Alabama and Northwest Florida","AL","Healthcare Provider","1406","01/06/2026","Hacking/IT Incident","Email","No",""
"Pit River Health Service Inc.","CA","Healthcare Provider","1800","01/06/2026","Hacking/IT Incident","Network Server","No",""
"Mid Michigan Medical Billing Service, Inc.","MI","Business Associate","28185","01/05/2026","Hacking/IT Incident","Network Server","Yes",""
"Advanced Healthcare Professionals","TX","Healthcare Provider","800","12/31/2025","Hacking/IT Incident","Network Server","No",""
"Andover Eye Associates","MA","Healthcare Provider","1638","12/31/2025","Hacking/IT Incident","Email","No",""
"Steel Encounters, Inc.","UT","Healthcare Provider","959","12/31/2025","Hacking/IT Incident","Network Server","No",""
"Exact Sciences Laboratories LLC ","WI","Healthcare Provider","2658","12/29/2025","Unauthorized Access/Disclosure","Paper/Films","No",""
"Associated Radiologists of the Finger Lakes, P.C.","NY","Business Associate","501","12/29/2025","Hacking/IT Incident","Network Server","Yes",""
"Docs Medical Group, Inc. dba Pulse Urgent Care","CA","Healthcare Provider","4035","12/28/2025","Hacking/IT Incident","Network Server","No",""
"CareOregon","OR","Health Plan","5473","12/26/2025","Unauthorized Access/Disclosure","Network Server","No",""
"BlueCross BlueShield of Tennessee, Inc. ","TN","Business Associate","780","12/26/2025","Unauthorized Access/Disclosure","Email","Yes",""
"Glendale Obstetrics & Gynecology PCA","AZ","Healthcare Provider","501","12/24/2025","Hacking/IT Incident","Network Server","No",""
"AllerVie Health ","TX","Healthcare Provider","80521","12/23/2025","Hacking/IT Incident","Network Server","No",""
"Artemis Healthcare Inc.","TN","Healthcare Provider","45867","12/23/2025","Hacking/IT Incident","Network Server","No",""
"York Hospital","ME","Healthcare Provider","1259","12/23/2025","Unauthorized Access/Disclosure","Paper/Films","No",""
"Riverland Community Health","MN","Healthcare Provider","940","12/23/2025","Unauthorized Access/Disclosure","Network Server","Yes",""
"HAP (Health Alliance Plan)","MI","Health Plan","1059","12/22/2025","Hacking/IT Incident","Email","No",""
"TapestryHealth","CT","Healthcare Provider","6494","12/22/2025","Unauthorized Access/Disclosure","Other","No",""
"Chicago Cosmetic Surgery and Dermatology","IL","Healthcare Provider","700","12/22/2025","Hacking/IT Incident","Network Server","No",""
"Reproductive Medicine Associates of Michigan","MI","Healthcare Provider","501","12/19/2025","Hacking/IT Incident","Network Server","No",""
"Anesthesiology & Pain Consultants, LLC","LA","Healthcare Provider","538","12/19/2025","Unauthorized Access/Disclosure","Other Portable Electronic Device","No",""
"Howard Brown Health","IL","Healthcare Provider","8357","12/19/2025","Hacking/IT Incident","Electronic Medical Record","Yes",""
"Mitchell County Department of Social Services","NC","Healthcare Provider","501","12/19/2025","Hacking/IT Incident","Network Server","No",""
"Medical Center, LLP","GA","Healthcare Provider","32090","12/19/2025","Hacking/IT Incident","Network Server","No",""
"North East Medical Services","CA","Healthcare Provider","91513","12/18/2025","Hacking/IT Incident","Network Server","No",""
"Excellent Home Care Services, LLC","NY","Healthcare Provider","16278","12/17/2025","Hacking/IT Incident","Email","No",""
"FPMCM LLC","TN","Business Associate","2072","12/15/2025","Unauthorized Access/Disclosure","Email","Yes",""
"OCAT, LLC dba Evoke Wellness at Hilliard","OH","Healthcare Provider","1629","12/12/2025","Unauthorized Access/Disclosure","Electronic Medical Record","No",""
"Fieldtex Products, Inc.","NY","Business Associate","104071","12/12/2025","Hacking/IT Incident","Network Server","Yes",""
"Heywood Healthcare Inc. including Henry Heywood Memorial Hospital, Athol Memorial Hospital, and Heywood Medical Group, Inc. (“Heywood”)","MA","Healthcare Provider","500","12/12/2025","Hacking/IT Incident","Network Server","No",""
"Baltimore Medical System, Inc.","MA","Healthcare Provider","501","12/12/2025","Hacking/IT Incident","Network Server","No",""
"Centric Health","CA","Healthcare Provider","6855","12/10/2025","Hacking/IT Incident","Electronic Medical Record, Network Server","Yes",""
"Heart of Texas Behavioral Health Network","TX","Healthcare Provider","1309","12/10/2025","Unauthorized Access/Disclosure","Paper/Films","No",""
"Southern Oregon Neurosurgical and Spine Associates, PC","OR","Healthcare Provider","1000","12/09/2025","Hacking/IT Incident","Email","No",""
"Ochsner LSU Health – Regional Urology","LA","Healthcare Provider","4519","12/09/2025","Hacking/IT Incident","Network Server","No",""
"TriCity Family Services","IL","Healthcare Provider","2511","12/08/2025","Hacking/IT Incident","Network Server","No",""
"NCH Corporation Employee Benefits Plan","TX","Health Plan","3098","12/05/2025","Hacking/IT Incident","Network Server","No",""
"Columbia Medical Practice","MD","Healthcare Provider","3000","12/05/2025","Hacking/IT Incident","Network Server","No",""
"Greater St. Louis Oral & Maxillofacial Surgery PC ","MO","Healthcare Provider","501","12/04/2025","Hacking/IT Incident","Email","No",""
"Fieldtex Products, Inc.","NY","Business Associate","5901","12/03/2025","Hacking/IT Incident","Network Server","Yes",""
"Fieldtex Products, Inc.","NY","Business Associate","9206","12/03/2025","Hacking/IT Incident","Network Server","Yes",""
"Fieldtex Products, Inc.","NY","Business Associate","20641","12/03/2025","Hacking/IT Incident","Network Server","Yes",""
"ConvenientMD LLC","NH","Healthcare Provider","1332","12/02/2025","Unauthorized Access/Disclosure","Email","No",""
"Madison Healthcare Services","MN","Healthcare Provider","500","12/02/2025","Hacking/IT Incident","Network Server","No",""
"FedEx Corporation Group Health Plan","TN","Health Plan","1066","12/01/2025","Hacking/IT Incident","Network Server","Yes",""
"Sports Medicine & Orthopaedics","RI","Healthcare Provider","4000","11/30/2025","Hacking/IT Incident","Network Server","No",""
"Cerenade","CA","Business Associate","987","11/30/2025","Hacking/IT Incident","Network Server","Yes",""
"Richmond Behavioral Health Authority","VA","Healthcare Provider","113232","11/28/2025","Hacking/IT Incident","Network Server","No",""
"Spindletop Center","TX","Healthcare Provider","88863","11/28/2025","Hacking/IT Incident","Network Server","No",""
"Henry Ford Health","MI","Healthcare Provider","1984","11/26/2025","Unauthorized Access/Disclosure","Desktop Computer","No",""
"Persante Health Care ","NJ","Business Associate","111815","11/26/2025","Hacking/IT Incident","Network Server","Yes",""
"Keystone Alliance, Inc.","IL","Business Associate","1021","11/26/2025","Hacking/IT Incident","Email","Yes",""
"Center for Urologic Care of Berks CO","PA","Healthcare Provider","543","11/26/2025","Hacking/IT Incident","Network Server","No",""
"Davies, McFarland & Carroll LLC","PA","Business Associate","54712","11/24/2025","Hacking/IT Incident","Network Server","Yes",""
"VITAS Hospice Services, LLC","FL","Healthcare Provider","319177","11/24/2025","Hacking/IT Incident","Network Server","No",""
"Millcreek Pediatrics","DE","Healthcare Provider","14095","11/21/2025","Hacking/IT Incident","Network Server","No",""
"NS Support, LLC","ID","Healthcare Provider","92845","11/21/2025","Hacking/IT Incident","Network Server","No",""
"Med Atlantic, Inc.","VA","Business Associate","500","11/21/2025","Hacking/IT Incident","Network Server","Yes",""
"Delta Dental of Virginia","VA","Health Plan","126953","11/21/2025","Hacking/IT Incident","Email","No",""
"Nura PLLC","MN","Healthcare Provider","5207","11/21/2025","Hacking/IT Incident","Email","No",""
"Fieldtex Products, Inc.","NY","Business Associate","238615","11/20/2025","Hacking/IT Incident","Network Server","Yes",""
"Dr. Michael Kaplan DO PC DBA Long Island Weight Loss Institute","NY","Healthcare Provider","3426","11/20/2025","Hacking/IT Incident","Network Server","No",""
"Personic Management Company LLC","VA","Business Associate","10929","11/19/2025","Hacking/IT Incident","Network Server","Yes",""
"County of Catawba","NC","Health Plan","500","11/19/2025","Hacking/IT Incident","Network Server","No",""
"NAHGA Claim Services","ME","Health Plan","26906","11/19/2025","Hacking/IT Incident","Network Server","No",""
"Anchorage Neighborhood Health Center ","AK","Healthcare Provider","70555","11/19/2025","Hacking/IT Incident","Network Server","No",""
"Dermatology Associates of Concord","MA","Healthcare Provider","501","11/18/2025","Hacking/IT Incident","Network Server","No",""
"Marrs Ear, Nose & Throat, PA","FL","Healthcare Provider","6376","11/18/2025","Unauthorized Access/Disclosure","Email","No",""
"St. John’s Riverside Hospital","NY","Healthcare Provider","2238","11/14/2025","Hacking/IT Incident","Email","No",""
"Optum Financial Services","MN","Business Associate","2124","11/13/2025","Unauthorized Access/Disclosure","Paper/Films","Yes",""
"West Suburban Eye Surgery Center LLC","MA","Business Associate","500","11/11/2025","Unauthorized Access/Disclosure","Electronic Medical Record","Yes",""
"Morton Drug Company","WI","Healthcare Provider","40051","11/10/2025","Hacking/IT Incident","Network Server","No",""
"Steven J. Pearlman MD PC ","NY","Healthcare Provider","10182","11/09/2025","Hacking/IT Incident","Network Server","No",""
"Healthcare Therapy Services, Inc.","IN","Healthcare Provider","15027","11/08/2025","Hacking/IT Incident","Email","No",""
"Marshfield Clinic Health System ","WI","Healthcare Provider","35952","11/07/2025","Hacking/IT Incident","Email","No",""
"Loving and Living Center, PC dba Awakenings Center","NC","Healthcare Provider","17800","11/07/2025","Hacking/IT Incident","Electronic Medical Record","No",""
"The Chase Group Employee Benefit Plan","NM","Health Plan","817","11/06/2025","Hacking/IT Incident","Network Server","No",""
"Archer Health","CA","Healthcare Provider","4285","11/06/2025","Hacking/IT Incident","Network Server","No",""
"Motorola Solutions","IL","Health Plan","22600","11/05/2025","Hacking/IT Incident","Network Server","No",""
"Tampa Bay Treatment Associates","FL","Healthcare Provider","3682","11/05/2025","Theft","Electronic Medical Record","No",""
"Denton MHMR Center","TX","Healthcare Provider","108967","11/05/2025","Hacking/IT Incident","Network Server","No",""
"Synergy Advanced Healthcare LLC","CT","Healthcare Provider","1260","11/04/2025","Unauthorized Access/Disclosure","Electronic Medical Record","No",""
"Tri Century Eye Care PC","PA","Healthcare Provider","200000","10/31/2025","Hacking/IT Incident","Network Server","No",""
"Expert MRI","CA","Healthcare Provider","209560","10/31/2025","Hacking/IT Incident","Network Server","No",""
"Judson Center","MI","Healthcare Provider","976","10/31/2025","Hacking/IT Incident","Network Server","No",""
"Beverly Hills Oncology Medical Group","CA","Healthcare Provider","57655","10/31/2025","Hacking/IT Incident","Network Server","No",""
"Hale Makua Health Services","HI","Healthcare Provider","500","10/29/2025","Hacking/IT Incident","Network Server","No",""
"Northwest Radiologists, Inc./Mount Baker Imaging","WA","Healthcare Provider","362713","10/28/2025","Hacking/IT Incident","Network Server","No",""
"Methodist Healthcare - Memphis Hospitals","TN","Healthcare Provider","1658","10/27/2025","Unauthorized Access/Disclosure","Electronic Medical Record","No",""
"Health Management Systems of America","MI","Healthcare Provider","3200","10/27/2025","Hacking/IT Incident","Email","No",""
"REACH, Inc","AK","Healthcare Provider","1195","10/27/2025","Hacking/IT Incident","Email","No",""
"VirMedice, LLC","AZ","Business Associate","1000","10/25/2025","Hacking/IT Incident","Network Server","Yes",""
"Physicians to Children & Adolescents","KY","Healthcare Provider","9536","10/24/2025","Hacking/IT Incident","Network Server","No",""
"Saint Mary’s Home of Erie ","PA","Healthcare Provider","501","10/24/2025","Hacking/IT Incident","Network Server","No",""
"Southwest Urology","OH","Healthcare Provider","1310","10/24/2025","Hacking/IT Incident","Network Server","Yes",""
"Fairbanks Urology","AK","Healthcare Provider","1446","10/24/2025","Hacking/IT Incident","Network Server","Yes",""
"Michael R. Schwartz, MD Inc.","CA","Healthcare Provider","9080","10/23/2025","Hacking/IT Incident","Desktop Computer","No",""
"Legacy Health, LLC","TX","Business Associate","6547","10/23/2025","Unauthorized Access/Disclosure","Electronic Medical Record","Yes",""
"Yamhill Community Care Organization (YCCO)","OR","Health Plan","1251","10/22/2025","Unauthorized Access/Disclosure","Other","No",""
"Express Canna Cards, LLC","FL","Healthcare Provider","5000","10/20/2025","Unauthorized Access/Disclosure","Electronic Medical Record","No",""
"Heartland Health Center ","NE","Healthcare Provider","43728","10/17/2025","Hacking/IT Incident","Network Server","No",""
"North Atlantic States Carpenters Health Benefits Fund","MA","Health Plan","501","10/17/2025","Hacking/IT Incident","Network Server","No",""
"Modernizing Medicine, Inc.","FL","Business Associate","198795","10/17/2025","Hacking/IT Incident","Network Server","Yes",""
"Coalesce, LLC dba Benefitelect","AZ","Business Associate","501","10/15/2025","Hacking/IT Incident","Network Server","Yes",""
"Visiting Nurse Association of Texas, LLC","TX","Healthcare Provider","28515","10/10/2025","Hacking/IT Incident","Email","No",""
"Conduent Business Services LLC","NJ","Business Associate","42616","10/08/2025","Hacking/IT Incident","Network Server","Yes",""
"Wellpoint, Inc.","IN","Business Associate","579","10/07/2025","Hacking/IT Incident","Network Server","Yes",""
"Sierra Vista Hospital & Clinics","NM","Healthcare Provider","75054","10/06/2025","Hacking/IT Incident","Network Server","No",""
"OB-GYN Associates, Ltd. dba OBGYN Associates ","NV","Healthcare Provider","62238","10/06/2025","Hacking/IT Incident","Network Server","No",""
"Cardiovascular Medicine Associates (doing business as MyCardiologist) ","FL","Healthcare Provider","2248","10/06/2025","Hacking/IT Incident","Email","No",""
"Space Coast Vascular","FL","Healthcare Provider","18819","10/06/2025","Hacking/IT Incident","Network Server","No",""
"Brightstar Global Solutions Corporation","RI","Health Plan","103879","10/03/2025","Hacking/IT Incident","Network Server","No",""
"Arizona Health Care Cost Containment System- State Medicaid Agency","AZ","Health Plan","3177","10/03/2025","Unauthorized Access/Disclosure","Electronic Medical Record","No",""
"Florida Health Sciences Center, Inc","FL","Healthcare Provider","896","10/03/2025","Unauthorized Access/Disclosure","Paper/Films","No",""
"Harris County Hospital District d/b/a Harris Health ","TX","Healthcare Provider","5357","10/03/2025","Unauthorized Access/Disclosure","Electronic Medical Record","No",""
"Revere Health, PC","UT","Healthcare Provider","10800","10/02/2025","Hacking/IT Incident","Network Server","No",""
"Weekend Health, LLC","NY","Business Associate","1643","09/30/2025","Unauthorized Access/Disclosure","Network Server","Yes",""
"Harbor","OH","Healthcare Provider","216000","09/30/2025","Hacking/IT Incident","Network Server","No",""
"Blue Shield of California ","CA","Business Associate","607","09/29/2025","Unauthorized Access/Disclosure","Paper/Films","Yes",""
"Belkorp Ag, LLC","CA","Health Plan","942","09/29/2025","Hacking/IT Incident","Network Server","No",""
"Blue Shield of California","CA","Health Plan","93921","09/29/2025","Unauthorized Access/Disclosure","Paper/Films","No",""
"Gainwell Technologies LLC","TX","Business Associate","912","09/26/2025","Unauthorized Access/Disclosure","Other","Yes",""
"VIVA Health","AL","Health Plan","4945","09/26/2025","Unauthorized Access/Disclosure","Other","No",""
"Intercommunity Action Inc. ","PA","Healthcare Provider","2680","09/26/2025","Hacking/IT Incident","Network Server","No",""
"Rockhill Women’s Care","MO","Healthcare Provider","70129","09/25/2025","Hacking/IT Incident","Network Server","No",""
"Susan B. Allen Memorial Hospital","KS","Healthcare Provider","12097","09/25/2025","Hacking/IT Incident","Desktop Computer, Network Server","No",""
"Doctors Imaging Group","FL","Healthcare Provider","171862","09/24/2025","Hacking/IT Incident","Network Server","No",""
"Healthcare Interactive","MD","Business Associate","501","09/22/2025","Hacking/IT Incident","Network Server","Yes",""
"City of St. Joseph, MO Health Department ","MO","Healthcare Provider","11538","09/22/2025","Hacking/IT Incident","Network Server","No",""
"People Encouraging People","MD","Healthcare Provider","13083","09/19/2025","Hacking/IT Incident","Network Server","No",""
"Health & Palliative Services of the Treasure Coast, Inc d/b/a Treasure Coast Hospice  (“Treasure Health ”)","FL","Healthcare Provider","13230","09/19/2025","Unauthorized Access/Disclosure","Email","No",""
"Ennoble Care & Circa Health, LLC","NJ","Healthcare Provider","36332","09/18/2025","Hacking/IT Incident","Email","No",""
"Sun Valley Surgery Center","NV","Healthcare Provider","27001","09/18/2025","Hacking/IT Incident","Network Server","No",""
"Sturgis Hospital","MI","Health Plan","77771","09/18/2025","Hacking/IT Incident","Network Server","No",""
"Sturgis Hospital","MI","Healthcare Provider","77771","09/18/2025","Hacking/IT Incident","Network Server","No",""
"Trusteed Plan Services Corporation","WA","Business Associate","7977","09/17/2025","Hacking/IT Incident","Network Server","Yes",""
"Munson Healthcare","MI","Healthcare Provider","1186","09/17/2025","Unauthorized Access/Disclosure","Paper/Films","No",""
"Saint Anthony Hospital ","IL","Healthcare Provider","6679","09/12/2025","Hacking/IT Incident","Email","No",""
"North Penn Comprehensive Health Services d.b.a Laurel Health Centers","PA","Healthcare Provider","991","09/12/2025","Hacking/IT Incident","Email","No",""
"Cookeville Regional Medical Center","TN","Healthcare Provider","500","09/12/2025","Hacking/IT Incident","Network Server","No",""
"Franklin Dermatology Group, PLC","TN","Healthcare Provider","2457","09/11/2025","Hacking/IT Incident","Network Server","Yes",""
"Western Skies Wellness LLC","OR","Healthcare Provider","1700","09/11/2025","Unauthorized Access/Disclosure","Electronic Medical Record, Other","No",""
"PGA Development, Inc.","PA","Healthcare Provider","23899","09/10/2025","Hacking/IT Incident","Network Server","No",""
"Texas Center for Infectious Disease Associates","TX","Healthcare Provider","1236","09/10/2025","Hacking/IT Incident","Email","No",""
"Coos County Family Health Services","NH","Healthcare Provider","501","09/05/2025","Hacking/IT Incident","Network Server","No",""
"Somerset County Children and Youth Services","PA","Healthcare Provider","2251","09/05/2025","Hacking/IT Incident","Email","No",""
"Medical Associates of Brevard, LLC","FL","Healthcare Provider","246711","09/05/2025","Hacking/IT Incident","Network Server","No",""
"Twin Cities Pain Clinic","MN","Healthcare Provider","3572","09/04/2025","Hacking/IT Incident","Email","No",""
"Retina Group of Florida","FL","Healthcare Provider","152691","09/03/2025","Hacking/IT Incident","Network Server","No",""
"Teamsters Union 25 Health Services & Insurance Plan","MA","Health Plan","19231","09/03/2025","Hacking/IT Incident","Network Server","No",""
"La Perouse, LLC","NV","Business Associate","501","09/02/2025","Hacking/IT Incident","Network Server","Yes",""
"North Oaks Health System","LA","Healthcare Provider","6243","09/02/2025","Hacking/IT Incident","Email","No",""
"University of Iowa Community Home Care","IA","Healthcare Provider","109029","08/29/2025","Hacking/IT Incident","Network Server","No",""
"University of Iowa Health Care","IA","Healthcare Provider","101875","08/29/2025","Hacking/IT Incident","Network Server","No",""
"Carrollton Ear, Nose and Throat, PC","GA","Healthcare Provider","3569","08/29/2025","Hacking/IT Incident","Network Server","No",""
"Reimagine Network","CA","Healthcare Provider","4799","08/29/2025","Hacking/IT Incident","Network Server","No",""
"Anthony L. Jordan Health Corporation ","NY","Healthcare Provider","2974","08/29/2025","Hacking/IT Incident","Email","No",""
"Greater Pittsburgh Orthopaedics Associates","PA","Healthcare Provider","35000","08/27/2025","Hacking/IT Incident","Desktop Computer","No",""
"College Hometown Pharmacy","NY","Healthcare Provider","9742","08/25/2025","Hacking/IT Incident","Network Server","No",""
"College Parkside Pharmacy","NY","Healthcare Provider","5736","08/25/2025","Hacking/IT Incident","Network Server","No",""
"Assisted Living Pharmacy Service, LLC","WI","Healthcare Provider","5590","08/25/2025","Hacking/IT Incident","Network Server","No",""
"Prime Therapeutics LLC","MN","Business Associate","2266","08/25/2025","Unauthorized Access/Disclosure","Laptop","Yes",""
"Pacific Imaging Management, LLC","CA","Healthcare Provider","13158","08/25/2025","Hacking/IT Incident","Email","No",""
"zizzl llc","WI","Business Associate","2416","08/22/2025","Hacking/IT Incident","Email","Yes",""
"Beech Acres Parenting Center ","OH","Healthcare Provider","19315","08/22/2025","Hacking/IT Incident","Network Server","No",""
"Department of Social Services for Vance County, North Carolina","NC","Business Associate","501","08/22/2025","Hacking/IT Incident","Network Server","Yes",""
"Independent Health Association, Inc.","NY","Health Plan","637","08/22/2025","Unauthorized Access/Disclosure","Other","No",""
"McEwen & Associates","TX","Business Associate","500","08/21/2025","Hacking/IT Incident","Network Server","Yes",""
"McEwen & Associates","TX","Business Associate","500","08/21/2025","Hacking/IT Incident","Network Server","Yes",""
"McEwen & Associates","TX","Business Associate","500","08/21/2025","Hacking/IT Incident","Network Server","Yes",""
"Vital Imaging Medical Diagnostic Centers, LLC","FL","Healthcare Provider","260000","08/21/2025","Hacking/IT Incident","Network Server","No",""
"Preferred Hospital Leasing Hemphill Inc., d/b/a Sabine County Hospital","TX","Healthcare Provider","7600","08/21/2025","Hacking/IT Incident","Email","No",""
"Arkansas Primary Care Clinic","AR","Healthcare Provider","2491","08/20/2025","Hacking/IT Incident","Network Server","No",""
"Revere Health PC","UT","Healthcare Provider","605","08/19/2025","Hacking/IT Incident","Desktop Computer","No",""
"CareTracker, Inc.","NY","Business Associate","501","08/18/2025","Hacking/IT Incident","Network Server","Yes",""
"Bevel Health Medical Group","PA","Healthcare Provider","510","08/18/2025","Unauthorized Access/Disclosure","Electronic Medical Record","No",""
"Pediatric Otolaryngology Head & Neck Surgery Associates, P.A.","FL","Healthcare Provider","43446","08/18/2025","Hacking/IT Incident","Network Server","No",""
"CPAP Medical Supplies and Services Inc. ","FL","Healthcare Provider","90133","08/15/2025","Hacking/IT Incident","Network Server","No",""
"Lake City Cancer Care, LLC","FL","Healthcare Provider","9980","08/15/2025","Hacking/IT Incident","Network Server","Yes",""
"Mower County Health and Human Services","MN","Healthcare Provider","501","08/15/2025","Hacking/IT Incident","Network Server","No",""
"Welcome Dentistry-Anaheim","CA","Healthcare Provider","1001","08/15/2025","Hacking/IT Incident","Network Server","No",""
"Children's Home & Aid dba Brightpoint","IL","Healthcare Provider","1051","08/14/2025","Hacking/IT Incident","Email","No",""
"Welcome Dentistry-Los Angeles","CA","Healthcare Provider","1001","08/13/2025","Hacking/IT Incident","Network Server","No",""
"UnitedHealthcare","CT","Health Plan","3215","08/12/2025","Unauthorized Access/Disclosure","Paper/Films","No",""
"Laurel Cancer Care, LLC","MS","Healthcare Provider","1541","08/12/2025","Hacking/IT Incident","Email","Yes",""
"Zelis Healthcare LLC","MA","Business Associate","4289","08/12/2025","Unauthorized Access/Disclosure","Paper/Films","Yes",""
"Altos Inc","CA","Business Associate","1634","08/11/2025","Hacking/IT Incident","Network Server","Yes",""
"Altos Inc","CA","Business Associate","1520","08/11/2025","Hacking/IT Incident","Network Server","Yes",""
"Altos Inc","CA","Business Associate","1011","08/11/2025","Hacking/IT Incident","Network Server","Yes",""
"Altos Inc","CA","Business Associate","882","08/11/2025","Hacking/IT Incident","Network Server","Yes",""
"Altos Inc","CA","Business Associate","2366","08/11/2025","Hacking/IT Incident","Network Server","Yes",""
"Altos Inc","CA","Business Associate","2700","08/11/2025","Hacking/IT Incident","Network Server","Yes",""
"Altos Inc","CA","Business Associate","6414","08/11/2025","Hacking/IT Incident","Network Server","Yes",""
"Dr. Doug's Pediatric Dentistry","UT","Healthcare Provider","3590","08/11/2025","Hacking/IT Incident","Email","No",""
"Mission City Community Network, Inc.","CA","Healthcare Provider","11016","08/09/2025","Hacking/IT Incident","Network Server","No",""
"Aflac Incorporated (“Aflac”)","GA","Health Plan","13924906","08/08/2025","Hacking/IT Incident","Network Server","No",""
"Friesen Group","CA","Healthcare Provider","500","08/08/2025","Hacking/IT Incident","Network Server","No",""
"Center for Disability Services, Inc.","NY","Healthcare Provider","3343","08/08/2025","Hacking/IT Incident","Email","No",""
"PROVAIL","WA","Healthcare Provider","501","08/08/2025","Hacking/IT Incident","Network Server","No",""
"South Coast Pediatrics","CA","Healthcare Provider","7000","08/05/2025","Hacking/IT Incident","Network Server","No",""
"Oglethorpe, Inc.","FL","Healthcare Provider","92332","08/05/2025","Hacking/IT Incident","Network Server","No",""
"Precision Edodontics of Raleigh","NC","Healthcare Provider","4022","08/05/2025","Hacking/IT Incident","Email","No",""
"MDLand International Corporation ","NY","Business Associate","22586","08/04/2025","Hacking/IT Incident","Network Server","Yes",""
"Genoa Community Hospital/LTC","NE","Healthcare Provider","2544","08/04/2025","Hacking/IT Incident","Email","No",""
"Highlands Oncology Group PA","AR","Healthcare Provider","111766","08/01/2025","Hacking/IT Incident","Network Server","No",""
"Langdon & Company, LLP Certified Public Accountants","NC","Business Associate","46061","08/01/2025","Hacking/IT Incident","Network Server","Yes",""
"DaVita Inc.","CO","Healthcare Provider","2689826","08/01/2025","Hacking/IT Incident","Network Server","No",""
"Western Montana Clinic PC","MT","Healthcare Provider","8255","08/01/2025","Hacking/IT Incident","Email","No",""
"Vail Summit Orthopaedics","CO","Healthcare Provider","5044","07/31/2025","Hacking/IT Incident","Email","No",""
"Central Maine Healthcare","ME","Healthcare Provider","7223","07/31/2025","Hacking/IT Incident","Network Server","No",""
"Berkshire Health Systems, Inc.","MA","Healthcare Provider","1421","07/30/2025","Unauthorized Access/Disclosure","Electronic Medical Record","No",""
"The Center at Cordera","CO","Healthcare Provider","6057","07/29/2025","Hacking/IT Incident","Network Server","No",""
"Compass Counseling Services, LLC","FL","Healthcare Provider","5440","07/29/2025","Hacking/IT Incident","Network Server","No",""
"Alera Group, Inc.","IL","Business Associate","155567","07/29/2025","Hacking/IT Incident","Network Server","Yes",""
"PhyNet Dermatology, LLC","TN","Business Associate","1308","07/29/2025","Hacking/IT Incident","Email","Yes",""
"University of Miami","FL","Healthcare Provider","2928","07/29/2025","Unauthorized Access/Disclosure","Electronic Medical Record","No",""
"Northwest Denture Center, Inc. ","WA","Healthcare Provider","19419","07/25/2025","Hacking/IT Incident","Network Server","No",""
"Doctors’ Memorial Hospital ","FL","Healthcare Provider","500","07/25/2025","Hacking/IT Incident","Network Server","Yes",""
"Nova Recovery Center, LLC d/b/a Nova Recovery Center","TX","Healthcare Provider","6242","07/24/2025","Hacking/IT Incident","Network Server","No",""
"McKenzie Memorial Hospital","MI","Healthcare Provider","58839","07/24/2025","Hacking/IT Incident","Network Server","No",""
"Gastroenterology Consultants of South Texas ","TX","Healthcare Provider","44579","07/22/2025","Hacking/IT Incident","Network Server","No",""
"Kettering Adventist Healthcare","OH","Healthcare Provider","501","07/21/2025","Hacking/IT Incident","Network Server","No",""
"OrthoAtlanta LLC","GA","Business Associate","626","07/21/2025","Hacking/IT Incident","Email","Yes",""
"Infinite Services, Inc.","NY","Healthcare Provider","31742","07/21/2025","Hacking/IT Incident","Network Server","No",""
"Dr. Michael Bilikas and Associates d.b.a. 32 Pearls","WA","Healthcare Provider","23517","07/21/2025","Hacking/IT Incident","Network Server","No",""
"Blue Shield of California","CA","Health Plan","783","07/21/2025","Unauthorized Access/Disclosure","Laptop, Network Server, Other","No",""
"Equilibria Mental Health Services","PA","Healthcare Provider","3232","07/20/2025","Hacking/IT Incident","Email","No",""
"Keys Pathology Associates, PA","FL","Healthcare Provider","20000","07/19/2025","Hacking/IT Incident","Network Server","Yes",""
"Oregon Specialty Group","OR","Healthcare Provider","3337","07/18/2025","Hacking/IT Incident","Network Server","No",""
"The Brien Center for Mental Health and Substance Abuse Services","MA","Healthcare Provider","5427","07/18/2025","Hacking/IT Incident","Network Server","No",""
"Human Development Services of Westchester","NY","Healthcare Provider","501","07/18/2025","Hacking/IT Incident","Email","No",""
"Self Regional Healthcare","SC","Healthcare Provider","26696","07/17/2025","Hacking/IT Incident","Network Server","Yes",""
"Mid South Rehab Services Inc. ","MS","Healthcare Provider","1316","07/15/2025","Hacking/IT Incident","Email","No",""
"Northwest Medical Homes, LLC","OR","Healthcare Provider","500","07/13/2025","Hacking/IT Incident","Network Server","No",""
"Williamsburg Area Medical Assistance Corporation d/b/a Olde Towne Medical and Dental Center (OTMDC)","VA","Healthcare Provider","2567","07/13/2025","Hacking/IT Incident","Network Server","No",""
"Regency Oaks","FL","Healthcare Provider","2008","07/11/2025","Hacking/IT Incident","Email","No",""
"Freedom Plaza Senior Living","FL","Healthcare Provider","4847","07/11/2025","Hacking/IT Incident","Email","No",""
"Freedom Square of Seminole","FL","Healthcare Provider","3473","07/11/2025","Hacking/IT Incident","Email","No",""
"Picis Clinical Solutions, Inc. d/b/a Medstreaming","MA","Business Associate","500","07/11/2025","Hacking/IT Incident","Network Server","Yes",""
"Covenant Health ","MA","Business Associate","7864","07/11/2025","Hacking/IT Incident","Network Server","Yes",""
"Anne Arundel Dermatology ","MD","Healthcare Provider","1905000","07/11/2025","Hacking/IT Incident","Network Server","No",""
"Mountain Laurel Dermatology","NC","Healthcare Provider","3324","07/10/2025","Hacking/IT Incident","Network Server","No",""
"Naper Grove Vision Care","IL","Healthcare Provider","501","07/10/2025","Hacking/IT Incident","Network Server","No",""
"Florida Lung, Asthma & Sleep Specialists (FLASS)","FL","Healthcare Provider","10000","07/09/2025","Hacking/IT Incident","Network Server","No",""
"Ascension Health Services LLC dba Alpha Wellness & Alpha Medical Centre","GA","Healthcare Provider","1714","07/08/2025","Hacking/IT Incident","Network Server","No",""
"Complete Care Rehab LLC","MI","Healthcare Provider","4764","07/08/2025","Hacking/IT Incident","Network Server","No",""
"K&E Advanced Dentisrty","OH","Healthcare Provider","1700","07/07/2025","Hacking/IT Incident","Email","No",""
"City of Franklin","WI","Healthcare Provider","3233","07/03/2025","Hacking/IT Incident","Network Server","No",""
"Zumpano Patricios, P.A.","FL","Business Associate","279275","07/03/2025","Hacking/IT Incident","Network Server","Yes",""
"Cierant Corporation ","CT","Business Associate","232506","07/03/2025","Hacking/IT Incident","Network Server","Yes",""
"Arbor Associates, Inc.","MI","Business Associate","17040","07/03/2025","Hacking/IT Incident","Network Server","Yes",""
"Urology Associates of Charleston","SC","Healthcare Provider","2060","07/03/2025","Hacking/IT Incident","Email","No",""
"Radiology Associates of Richmond, Inc.","VA","Healthcare Provider","1419091","07/01/2025","Hacking/IT Incident","Network Server","No",""
"Texas Center for Infectious Disease Associates","TX","Healthcare Provider","19481","06/30/2025","Hacking/IT Incident","Network Server","No",""
"Centers for Medicare & Medicaid Services","MD","Health Plan","107154","06/30/2025","Hacking/IT Incident","Network Server","No",""
"Clinical Practices of the University of Pennsylvania","PA","Healthcare Provider","1432","06/30/2025","Unauthorized Access/Disclosure","Paper/Films","No",""
"Southwest Urology","OH","Healthcare Provider","7214","06/27/2025","Hacking/IT Incident","Email","Yes",""
"Radiation Oncology Network of Southern California, LLC","CA","Healthcare Provider","12944","06/27/2025","Hacking/IT Incident","Email","Yes",""
"PDCM Insurance","IA","Business Associate","501","06/27/2025","Hacking/IT Incident","Network Server","Yes",""
"Rocky Mountain Oncology Care","WY","Healthcare Provider","10268","06/27/2025","Hacking/IT Incident","Email","Yes",""
"PET Imaging of Tulsa","OK","Healthcare Provider","3159","06/27/2025","Hacking/IT Incident","Email","Yes",""
"PET Imaging of The Woodlands","TX","Healthcare Provider","2978","06/27/2025","Hacking/IT Incident","Email","Yes",""
"PET Imaging of Northern Colorado","CO","Healthcare Provider","4824","06/27/2025","Hacking/IT Incident","Email","Yes",""
"PET Imaging of Houston Medical Center","TX","Healthcare Provider","1236","06/27/2025","Hacking/IT Incident","Email","Yes",""
"PET Imaging of Dallas Northeast","TX","Healthcare Provider","1935","06/27/2025","Hacking/IT Incident","Email","Yes",""
"Orange County Radiation Oncology Medical Group","CA","Healthcare Provider","1911","06/27/2025","Hacking/IT Incident","Email","Yes",""
"Lake City Cancer Care, LLC","FL","Healthcare Provider","15142","06/27/2025","Hacking/IT Incident","Email","Yes",""
"Heartland Regional Medical Center d/b/a Mosaic Life Care","MO","Healthcare Provider","145269","06/27/2025","Hacking/IT Incident","Network Server","Yes",""
"Compumedics USA, Inc.","NC","Business Associate","318150","06/27/2025","Hacking/IT Incident","Network Server","Yes",""
"Integrated Oncology Network","TN","Business Associate","4174","06/27/2025","Hacking/IT Incident","Email","Yes",""
"Fairbanks Urology","AK","Healthcare Provider","4289","06/27/2025","Hacking/IT Incident","Email","Yes",""
"Denali Biomedical","AK","Healthcare Provider","2413","06/27/2025","Hacking/IT Incident","Email","Yes",""
"Horizon Healthcare RCM","IN","Healthcare Clearing House","210901","06/27/2025","Hacking/IT Incident","Network Server","No",""
"Cancer Care Center of North Florida-Lake Butler","FL","Healthcare Provider","976","06/27/2025","Hacking/IT Incident","Email","Yes",""
"California Cancer Associates for Research and Excellence – San Diego","CA","Healthcare Provider","638","06/27/2025","Hacking/IT Incident","Email","Yes",""
"California Cancer Associates for Research and Excellence – High Desert","CA","Healthcare Provider","17250","06/27/2025","Hacking/IT Incident","Email","Yes",""
"Bardmoor Cancer Center","FL","Healthcare Provider","991","06/27/2025","Hacking/IT Incident","Email","Yes",""
"Acadiana Radiation Therapy, LLC","LA","Healthcare Provider","2219","06/27/2025","Hacking/IT Incident","Email","Yes",""
"Jordan Drug, Inc.","KY","Healthcare Provider","4947","06/26/2025","Hacking/IT Incident","Network Server","No",""
"Clement Manor","WI","Healthcare Provider","16046","06/25/2025","Hacking/IT Incident","Network Server","No",""
"McLaren Health Care","MI","Healthcare Provider","743131","06/24/2025","Hacking/IT Incident","Network Server","No",""
"Gardner Orthopedics LLC","FL","Healthcare Provider","47000","06/24/2025","Hacking/IT Incident","Desktop Computer","No",""
"Minneapolis VA Medical Center","MN","Healthcare Provider","1099","06/24/2025","Unauthorized Access/Disclosure","Paper/Films","No",""
"Mainline Health Systems Inc","AR","Healthcare Provider","101104","06/23/2025","Hacking/IT Incident","Network Server","No",""
"Blue Shield of California","CA","Business Associate","673","06/23/2025","Unauthorized Access/Disclosure","Email","Yes",""
"Esse Health ","MO","Healthcare Provider","23671","06/20/2025","Hacking/IT Incident","Network Server","No",""
"Los Angeles County Developmental Services Fdn., Inc. dba Frank D. Lanterman Regional Ctr.","CA","Healthcare Provider","19000","06/20/2025","Hacking/IT Incident","Email","No",""
"Retina Associates of Cleveland, Inc.","OH","Healthcare Provider","3604","06/20/2025","Hacking/IT Incident","Email","No",""
"Harbor","OH","Healthcare Provider","2703","06/20/2025","Hacking/IT Incident","Email","No",""
"Skin Care Specialty Physicians","MD","Healthcare Provider","1038","06/19/2025","Hacking/IT Incident","Email","No",""
"TRG, LLC ","OR","Healthcare Provider","70434","06/18/2025","Hacking/IT Incident","Network Server","Yes",""
"Iron County Medical Center","MO","Healthcare Provider","10239","06/18/2025","Hacking/IT Incident","Email","No",""
"Marquette County Medical Care Facility","OH","Healthcare Provider","1499","06/18/2025","Hacking/IT Incident","Email","No",""
"Winkler County Hospital District","TX","Healthcare Provider","637","06/17/2025","Unauthorized Access/Disclosure","Email","No",""
"Broadwest Specialty Surgical Center","IN","Healthcare Provider","536","06/17/2025","Hacking/IT Incident","Network Server","Yes",""
"Decisely Insurance Services, LLC","GA","Business Associate","537603","06/13/2025","Hacking/IT Incident","Network Server, Other","Yes",""
"Central Kentucky Radiology","KY","Healthcare Provider","166953","06/13/2025","Hacking/IT Incident","Network Server","No",""
"Diversified Services Enterprises","FL","Business Associate","501","06/13/2025","Hacking/IT Incident","Network Server","Yes",""
"Elmore County","ID","Healthcare Provider","931","06/13/2025","Hacking/IT Incident","Email","No",""
"AltaMed Health Services Corporation","CA","Healthcare Provider","4530","06/13/2025","Unauthorized Access/Disclosure","Email","No",""
"Mount Rogers Community Services","VA","Healthcare Provider","38191","06/13/2025","Hacking/IT Incident","Network Server","No",""
"Imperial Beach Community Clinic","CA","Healthcare Provider","10358","06/12/2025","Hacking/IT Incident","Network Server","No",""
"Kelley Drye & Warren LLP","NY","Business Associate","771","06/12/2025","Hacking/IT Incident","Network Server","Yes",""
"Rural Health Services ","SC","Healthcare Provider","36542","06/12/2025","Hacking/IT Incident","Network Server","No",""
"Clarkston Chiropractic Sports & Wellness","MI","Healthcare Provider","2757","06/11/2025","Hacking/IT Incident","Network Server","Yes",""
"Repay Management Services, LLC","GA","Health Plan","606","06/10/2025","Hacking/IT Incident","Network Server","Yes",""
"Southern Connecticut Vascular Center, LLC","CT","Healthcare Provider","154417","06/09/2025","Hacking/IT Incident","Network Server","No",""
"Episource, LLC","CA","Business Associate","6725572","06/06/2025","Hacking/IT Incident","Network Server","Yes",""
"Blue Shield of California","CA","Business Associate","1543","06/06/2025","Unauthorized Access/Disclosure","Other","Yes",""
"Sharp Community Medical Group","CA","Healthcare Provider","26976","06/06/2025","Hacking/IT Incident","Network Server","Yes",""
"Public Health Trust of Miami Dade County DBA Jackson Health System","FL","Healthcare Provider","2599","06/06/2025","Unauthorized Access/Disclosure","Electronic Medical Record","No",""
"Sharp HealthCare","CA","Healthcare Provider","500","06/06/2025","Hacking/IT Incident","Network Server","Yes",""
"Huron Regional Medical Center, Inc.","SD","Healthcare Provider","25398","06/06/2025","Hacking/IT Incident","Network Server","No",""
"Centivo Corporation","GA","Business Associate","630","06/06/2025","Unauthorized Access/Disclosure","Email","Yes",""
"NYC Health + Hospitals","NY","Healthcare Provider","5728","06/06/2025","Hacking/IT Incident","Network Server","Yes",""
"Sensata Technologies, Inc. Health and Welfare Benefit Plan","MA","Health Plan","15630","06/05/2025","Hacking/IT Incident","Network Server","No",""
"Jupiter Family Medicine PC","MI","Healthcare Provider","3000","06/05/2025","Unauthorized Access/Disclosure","Paper/Films","No",""
"Renkim Corporation","MI","Business Associate","105518","06/02/2025","Hacking/IT Incident","Network Server","Yes",""
"Cumberland County Hospital Association","KY","Healthcare Provider","36659","06/02/2025","Hacking/IT Incident","Other","No",""
"Upper Dublin Family Dentistry","PA","Healthcare Provider","5000","05/30/2025","Hacking/IT Incident","Network Server","No",""
"Oliver Street Dermatology Management LLC ","TX","Business Associate","13717","05/30/2025","Hacking/IT Incident","Network Server","Yes",""
"Providia Home Care, LLC dba Preferred Care Home Health Services","FL","Healthcare Provider","38401","05/30/2025","Hacking/IT Incident","Email","No",""
"Horizon Blue Cross Blue Shield NJ","NJ","Health Plan","781","05/30/2025","Hacking/IT Incident","Network Server","No",""
"Next Step Healthcare LLC","MA","Healthcare Provider","12090","05/30/2025","Hacking/IT Incident","Network Server","No",""
"Missouri Department of Conservation","MO","Health Plan","10260","05/30/2025","Hacking/IT Incident","Network Server","No",""
"Northwestern Community Services Board","VA","Healthcare Provider","21856","05/29/2025","Hacking/IT Incident","Network Server","No",""
"Gateway Community Services, Inc. ","FL","Healthcare Provider","34498","05/29/2025","Hacking/IT Incident","Network Server","No",""
"Erlanger Health","TN","Healthcare Provider","3371","05/28/2025","Hacking/IT Incident","Network Server","Yes",""
"The Smith Institute for Urology","NY","Healthcare Provider","2263","05/28/2025","Unauthorized Access/Disclosure","Desktop Computer","No",""
"Covenant Surgical Partners, Inc.","TX","Business Associate","88609","05/28/2025","Hacking/IT Incident","Network Server","Yes",""
"Mary B. Toporcer, MD, P.C.","PA","Healthcare Provider","501","05/28/2025","Hacking/IT Incident","Email","No",""
"Cahaba Center for Mental Health","AL","Healthcare Provider","501","05/27/2025","Hacking/IT Incident","Email","No",""
"NHPP Physical Medicine and Rehabilitation","NY","Healthcare Provider","1353","05/23/2025","Unauthorized Access/Disclosure","Other","No",""
"Sports Physical Therapy, Occupational Therapy and Rehabilitation Services of the North Shore, P.L.L.C","NY","Healthcare Provider","6195","05/23/2025","Unauthorized Access/Disclosure","Other","No",""
"North Shore University Hospital Sleep Disorders Center","NY","Healthcare Provider","13332","05/23/2025","Unauthorized Access/Disclosure","Other","No",""
"The Cooper Health System","NJ","Healthcare Provider","57412","05/23/2025","Hacking/IT Incident","Network Server","No",""
"Access2Day Health ","LA","Business Associate","4908","05/23/2025","Hacking/IT Incident","Email","Yes",""
"Connections for Kids","ME","Healthcare Provider","938","05/23/2025","Hacking/IT Incident","Email","No",""
"Instituto de Ojos de Puerto Rico","","Healthcare Provider","50000","05/19/2025","Hacking/IT Incident","Network Server","No",""
"Community Hospital of Anaconda","MT","Healthcare Provider","21243","05/19/2025","Hacking/IT Incident","Network Server","No",""
"Insulet Corporation","MA","Healthcare Provider","841","05/16/2025","Unauthorized Access/Disclosure","Network Server","No",""
"Mercy Surgical Dressing Group, Inc.","PA","Business Associate","4159","05/16/2025","Hacking/IT Incident","Network Server","Yes",""
"Compassion Health Care, Inc.","NC","Healthcare Provider","23282","05/16/2025","Hacking/IT Incident","Network Server","No",""
"Harbin Clinic, LLC","GA","Healthcare Provider","176149","05/16/2025","Hacking/IT Incident","Network Server","Yes",""
"Weiser Valley Hospital District dba Weiser Memorial Hospital","ID","Healthcare Provider","59990","05/15/2025","Hacking/IT Incident","Network Server","No",""
"HopeHealth, Inc.","SC","Healthcare Provider","5823","05/15/2025","Hacking/IT Incident","Network Server","No",""
"CareNexa, LLC, doing business as Molecular Testing Labs","WA","Healthcare Provider","7711","05/15/2025","Hacking/IT Incident","Network Server","Yes",""
"Hunter Health Clinic","KS","Healthcare Provider","28431","05/15/2025","Hacking/IT Incident","Email","No",""
"Anne Arundel County Department of Health","MD","Healthcare Provider","500","05/15/2025","Hacking/IT Incident","Network Server","No",""
"Doctors Hospital at Renaissance, LTD","TX","Healthcare Provider","501","05/15/2025","Hacking/IT Incident","Network Server","No",""
"Union County Children and Youth Services","PA","Healthcare Provider","501","05/13/2025","Hacking/IT Incident","Network Server","No",""
"CVS Caremark ","RI","Business Associate","2599","05/13/2025","Unauthorized Access/Disclosure","Paper/Films","Yes",""
"Washington Gastroenterology","WA","Healthcare Provider","501","05/09/2025","Hacking/IT Incident","Network Server","No",""
"Blue Cross Blue Shield of Texas","IL","Business Associate","593","05/09/2025","Unauthorized Access/Disclosure","Paper/Films","Yes",""
"Tri-City Cardiology Consultants, P.C.","AZ","Healthcare Provider","22753","05/08/2025","Hacking/IT Incident","Network Server","No",""
"Allied Services Division Welfare Fund","IL","Health Plan","5727","05/07/2025","Hacking/IT Incident","Email","No",""
"The Carpenter Health Network","LA","Healthcare Provider","878","05/06/2025","Hacking/IT Incident","Network Server","No",""
"SunLink Health Systems, Inc.","GA","Healthcare Provider","2856","05/06/2025","Hacking/IT Incident","Network Server","Yes",""
"Minnesota Orthodontics and Dentofacial Orthopedics, P.A.","MN","Healthcare Provider","501","05/05/2025","Hacking/IT Incident","Network Server","No",""
"Monongalia Health System, Inc.","WV","Healthcare Provider","4895","05/03/2025","Unauthorized Access/Disclosure","Email","No",""
"CardioVascular Health Clinic","OK","Healthcare Provider","501","05/03/2025","Hacking/IT Incident","Network Server","No",""
"Absolute Dental Group, LLC","NV","Business Associate","501","05/02/2025","Hacking/IT Incident","Network Server","Yes",""
"DermCare Management","FL","Business Associate","501","05/02/2025","Hacking/IT Incident","Network Server","Yes",""
"Anesthesia Associates of Morristown, P.A.","NJ","Healthcare Provider","34675","05/02/2025","Improper Disposal","Paper/Films","Yes",""
"Sonrisas Dental Health","CA","Healthcare Provider","15644","05/02/2025","Hacking/IT Incident","Network Server","No",""
"Canby Clinic","OR","Healthcare Provider","549","04/30/2025","Unauthorized Access/Disclosure","Email","No",""
"Berkeley Research Group, LLC","CA","Business Associate","500","04/30/2025","Hacking/IT Incident","Network Server","Yes",""
"Family Christian Health Center ","IL","Healthcare Provider","12500","04/30/2025","Hacking/IT Incident","Network Server","No",""
"Physician Wound Solutions, LLC dba Apollo Medical Supply","FL","Healthcare Provider","3561","04/29/2025","Unauthorized Access/Disclosure","Network Server","Yes",""
"Ascension Health","MO","Healthcare Provider","437329","04/28/2025","Hacking/IT Incident","Network Server","No",""
"Maximus, Inc.","VA","Business Associate","4529","04/25/2025","Unauthorized Access/Disclosure","Network Server","Yes",""
"Carlton County Public Health and Human Services","MN","Healthcare Provider","3502","04/25/2025","Hacking/IT Incident","Email","No",""
"Brainard Surgery Center LLC","OH","Healthcare Provider","501","04/24/2025","Hacking/IT Incident","Network Server","No",""
"Palo Verde Hospital","CA","Healthcare Provider","594","04/24/2025","Hacking/IT Incident","Network Server","No",""
"Drug and Alcohol Treatment Services, Inc.","PA","Healthcare Provider","22215","04/24/2025","Hacking/IT Incident","Network Server","No",""
"Cache Valley Ear Nose & Throat ","UT","Healthcare Provider","26469","04/24/2025","Hacking/IT Incident","Network Server","No",""
"Orthopaedic Specialists of Connecticut","CT","Healthcare Provider","22541","04/23/2025","Hacking/IT Incident","Network Server","No",""
"Icon Family Healthcare LLC","CA","Healthcare Provider","1800","04/22/2025","Unauthorized Access/Disclosure","Email","No",""
"Onsite Mammography","MA","Business Associate","357265","04/21/2025","Hacking/IT Incident","Email","Yes",""
"90 Degree Benefits, Inc. – St. Paul","WI","Business Associate","1268","04/18/2025","Hacking/IT Incident","Email","Yes",""
"HEALTH AND WELLNESS OF TEXAS","TX","Healthcare Provider","500","04/16/2025","Unauthorized Access/Disclosure","Electronic Medical Record, Email","No",""
"Recovery Epicenter Foundation","FL","Healthcare Provider","800","04/16/2025","Unauthorized Access/Disclosure","Network Server","No",""
"Magnolia Manor Inc.","GA","Healthcare Provider","960","04/15/2025","Hacking/IT Incident","Network Server","No",""
"The City of Long Beach, CA","CA","Healthcare Provider","258191","04/14/2025","Hacking/IT Incident","Network Server","No",""
"Bell Ambulance, Inc.","WI","Healthcare Provider","237830","04/14/2025","Hacking/IT Incident","Network Server","No",""
"AHS Sherman LLC dba AHS Sherman Medical Center","TX","Healthcare Provider","908","04/14/2025","Unauthorized Access/Disclosure","Email","No",""
"Health Care Service Corporation","IL","Health Plan","2944","04/13/2025","Unauthorized Access/Disclosure","Other","No",""
"Blue Cross and Blue Shield of Texas","IL","Health Plan","12086","04/13/2025","Unauthorized Access/Disclosure","Other","No",""
"Blue Cross and Blue Shield of Oklahoma","IL","Health Plan","1020","04/13/2025","Unauthorized Access/Disclosure","Other","No",""
"Blue Cross and Blue Shield of Illinois","IL","Health Plan","6903","04/13/2025","Unauthorized Access/Disclosure","Other","No",""
"Summit Healthcare Medical Associates","AZ","Healthcare Provider","1861","04/11/2025","Unauthorized Access/Disclosure","Electronic Medical Record","No",""
"Altior Healthcare, LLC","CA","Healthcare Provider","1002","04/11/2025","Hacking/IT Incident","Email","No",""
"Endue Software","ME","Business Associate","118028","04/11/2025","Hacking/IT Incident","Network Server","Yes",""
"The Gatesworth Senior Living St. Louis","MO","Healthcare Provider","31124","04/11/2025","Hacking/IT Incident","Network Server","No",""
"Parc Provence Memory Care Facility","MO","Healthcare Provider","13954","04/11/2025","Hacking/IT Incident","Network Server","No",""
"Jacksonville Medical Care ","AR","Healthcare Provider","6262","04/10/2025","Hacking/IT Incident","Network Server","No",""
"Cabot Medical Care ","AR","Healthcare Provider","21467","04/10/2025","Hacking/IT Incident","Network Server","No",""
"Kelly & Associates Insurance Group, Inc. ","MD","Business Associate","553332","04/09/2025","Hacking/IT Incident","Network Server","Yes",""
"Blue Shield of California","CA","Business Associate","4700000","04/09/2025","Hacking/IT Incident","Network Server","Yes",""
"Alabama Ophthalmology Associates","AL","Healthcare Provider","131576","04/08/2025","Hacking/IT Incident","Desktop Computer, Network Server","No",""
"Friendship House, Inc.","NE","Healthcare Provider","501","04/04/2025","Hacking/IT Incident","Network Server","No",""
"Loretto Hospital ","IL","Healthcare Provider","501","04/04/2025","Hacking/IT Incident","Network Server","No",""
"Newburgh Healthcare Residential Center, Inc.","IN","Healthcare Provider","700","04/04/2025","Hacking/IT Incident","Network Server","No",""
"Dallas County MHMR dba Metrocare Services","TX","Healthcare Provider","553","04/03/2025","Unauthorized Access/Disclosure","Email, Network Server","No",""
"Hamilton County Government","TN","Healthcare Provider","14081","04/03/2025","Hacking/IT Incident","Network Server","Yes",""
"Dameron Hospital","CA","Healthcare Provider","210706","04/02/2025","Hacking/IT Incident","Network Server","No",""
"Allegany Council on Alcoholism & Substance Abuse, Inc.","NY","Healthcare Provider","696","04/02/2025","Hacking/IT Incident","Email","No",""
"True Dental Care For Kids and Adults LLC","PA","Healthcare Provider","17640","04/02/2025","Hacking/IT Incident","Network Server","No",""
"Health Services LLC","OH","Healthcare Provider","75906","04/01/2025","Hacking/IT Incident","Network Server","No",""
"Gardner Health Services","CA","Healthcare Provider","26000","04/01/2025","Unauthorized Access/Disclosure","Paper/Films","Yes",""
"Central District Health Department of Nebraska","NE","Healthcare Provider","58519","04/01/2025","Hacking/IT Incident","Network Server","No",""
"Family Centers, Inc.","CT","Healthcare Provider","12142","03/31/2025","Hacking/IT Incident","Network Server","No",""
"North Hudson Community Action Corporation","NJ","Healthcare Provider","501","03/28/2025","Hacking/IT Incident","Network Server","No",""
"Community Dental Care, Inc.  ","MN","Healthcare Provider","134903","03/28/2025","Hacking/IT Incident","Network Server","No",""
"Baptist Hospitals of Southeast Texas","TX","Healthcare Provider","501","03/28/2025","Hacking/IT Incident","Network Server","No",""
"Mayo Clinic","MN","Healthcare Provider","1869","03/28/2025","Unauthorized Access/Disclosure","Email","No",""
"Frederick Health","MD","Healthcare Provider","934326","03/28/2025","Hacking/IT Incident","Network Server","No",""
"SimonMed Imaging","AZ","Healthcare Provider","500","03/27/2025","Hacking/IT Incident","Network Server","No",""
"Western Wayne Family Physicians ","MI","Healthcare Provider","62000","03/26/2025","Hacking/IT Incident","Network Server","No",""
"Concord Orthopaedics","NH","Healthcare Provider","72815","03/25/2025","Hacking/IT Incident","Network Server","No",""
"Bigfork Valley Hospital","MN","Healthcare Provider","8496","03/25/2025","Hacking/IT Incident","Email","No",""
"MedicareCompareUSA","WA","Business Associate","5782","03/21/2025","Hacking/IT Incident","Email","Yes",""
"MedRevenu, LLC","CA","Business Associate","17775","03/21/2025","Hacking/IT Incident","Network Server","Yes",""
"Mid Florida Primary Care, PA ","FL","Healthcare Provider","16435","03/21/2025","Hacking/IT Incident","Network Server","No",""
"AmeriHealth Caritas Louisiana ","LA","Health Plan","1552","03/21/2025","Unauthorized Access/Disclosure","Network Server, Other","No",""
"Fyzical Acquisition Holdings, LLC","FL","Business Associate","43045","03/21/2025","Hacking/IT Incident","Email","Yes",""
"Millennium Home Health Care","OK","Healthcare Provider","4743","03/19/2025","Hacking/IT Incident","Network Server","No",""
"The Pavilion at HealthPark, LLC dba Park Royal Hospital","FL","Healthcare Provider","9349","03/18/2025","Hacking/IT Incident","Email","No",""
"Presbyterian Health Plan","NM","Health Plan","7100","03/18/2025","Hacking/IT Incident","Email","No",""
"Heart to Heart Hospice Holdings, LLC","TX","Healthcare Provider","19034","03/18/2025","Hacking/IT Incident","Network Server","No",""
"Lena Pope Home Inc.","TX","Healthcare Provider","3523","03/17/2025","Hacking/IT Incident","Email","No",""
"Klickitat Valley Health","WA","Healthcare Provider","26339","03/14/2025","Hacking/IT Incident","Network Server","No",""
"Welts, White, & Fontaine PC","NH","Business Associate","500","03/14/2025","Hacking/IT Incident","Network Server","Yes",""
"CDHA Management, LLC and Spark DSO, LLC dba Chord Specialty Dental Partners","TN","Healthcare Provider","173430","03/14/2025","Hacking/IT Incident","Email","No",""
"Baylor Scott & White Texas Spine & Joint Hospital","TX","Healthcare Provider","1640","03/14/2025","Hacking/IT Incident","Email","No",""
"Columbia Eye Clinic ","SC","Healthcare Provider","500","03/14/2025","Hacking/IT Incident","Network Server","No",""
"Topy America Inc.","KY","Health Plan","1827","03/14/2025","Hacking/IT Incident","Network Server","No",""
"Nice Healthcare Management Company, Inc","MN","Healthcare Provider","10000","03/10/2025","Hacking/IT Incident","Network Server","Yes",""
"SCLARC","CA","Business Associate","722","03/06/2025","Theft","Laptop, Other Portable Electronic Device, Paper/Films","Yes",""
"Fort Wayne Medical Education Program ","IN","Healthcare Provider","28502","03/06/2025","Hacking/IT Incident","Network Server","No",""
"Madison County, MS ","MS","Health Plan","6082","03/05/2025","Hacking/IT Incident","Email","No",""
"Hillcrest Convalescent Center, Inc. ","NC","Healthcare Provider","106194","03/04/2025","Hacking/IT Incident","Network Server","No",""
"Liberty Resources, Inc.","NY","Healthcare Provider","103711","03/04/2025","Hacking/IT Incident","Network Server","No",""
"Manchester Rehabilitation and Healthcare Center","CT","Healthcare Provider","5415","03/03/2025","Hacking/IT Incident","Network Server","No",""
"Community Care Alliance","RI","Healthcare Provider","114975","03/01/2025","Hacking/IT Incident","Network Server","No",""
"Total Medical Imaging ","FL","Healthcare Provider","27000","02/28/2025","Unauthorized Access/Disclosure","Network Server","Yes",""
"Southeast Series of Lockton Companies, LLC (Lockton)","GA","Business Associate","1124727","02/28/2025","Hacking/IT Incident","Network Server","Yes",""
"Kronick Moskovitz Tiedemann & Girard","CA","Business Associate","2511","02/28/2025","Hacking/IT Incident","Network Server","Yes",""
"CEI Vision Partners, LLC","MO","Business Associate","10841","02/28/2025","Hacking/IT Incident","Network Server","Yes",""
"East Hawaii Rehab, Inc. DBA Lehua Physical Therapy and Rehab","HI","Healthcare Provider","8472","02/28/2025","Theft","Other, Other Portable Electronic Device, Paper/Films","No",""
"Carolina Arthritis Associates","NC","Healthcare Provider","36961","02/27/2025","Hacking/IT Incident","Network Server","No",""
"Palmetto Operating LLC d/b/a Palmetto Subacute Care Center (‘Palmetto’)","FL","Healthcare Provider","2746","02/26/2025","Unauthorized Access/Disclosure","Electronic Medical Record","Yes",""
"Lake Washington Vascular","WA","Healthcare Provider","21534","02/25/2025","Hacking/IT Incident","Network Server","No",""
"Consultants in Pain Medicine","TX","Healthcare Provider","1124","02/16/2025","Hacking/IT Incident","Network Server","No",""
"Spring Management OK, LLC","OK","Business Associate","2494","02/14/2025","Hacking/IT Incident","Network Server","Yes",""
"Restorix Health, Inc.","LA","Business Associate","38553","02/14/2025","Unauthorized Access/Disclosure","Email","Yes",""
"Cornerstones of Care","MO","Healthcare Provider","2771","02/14/2025","Hacking/IT Incident","Email","No",""
"Children's Dental Center at Preston Trail, P.C. d/b/a Park Place Pediatric Dentistry (Arlington, TX) ","TN","Healthcare Provider","1690","02/14/2025","Theft","Laptop","No",""
"Somnia, Inc.","NY","Business Associate","19069","02/14/2025","Hacking/IT Incident","Email","Yes",""
"UNITED BACKCARE PS dba Pacific Rehabilitation Centers","WA","Healthcare Provider","18900","02/11/2025","Hacking/IT Incident","Network Server","No",""
"Columbus Division of Fire","OH","Healthcare Provider","736","02/10/2025","Hacking/IT Incident","Network Server","No",""
"CPS Solutions, LLC","OH","Business Associate","500","02/10/2025","Hacking/IT Incident","Email","Yes",""
"Blue & Co., LLC","IN","Business Associate","228999","02/07/2025","Hacking/IT Incident","Network Server","Yes",""
"U.S. HEALTHWORKS-SMMPP, L.C.","AZ","Business Associate","10673","02/06/2025","Hacking/IT Incident","Network Server","Yes",""
"Primary Health-SMMPP, L.C.","AZ","Business Associate","67567","02/06/2025","Hacking/IT Incident","Network Server","Yes",""
"St. Marys NDS LLC","AZ","Business Associate","11715","02/06/2025","Hacking/IT Incident","Network Server","Yes",""
"VectraRx Mail Pharmacy Services, LLC","AZ","Healthcare Provider","109383","02/06/2025","Hacking/IT Incident","Network Server","No",""
"Escambia Community Clinics, Inc. dba Community Health Northwest Florida ","FL","Healthcare Provider","143969","02/03/2025","Hacking/IT Incident","Network Server","No",""
"ARC Community Services, Inc.","WI","Healthcare Provider","501","02/02/2025","Hacking/IT Incident","Network Server","No",""
"Primary Health Services Center, Inc.","LA","Healthcare Provider","17202","02/02/2025","Hacking/IT Incident","Network Server","No",""
"Mental Health Association Inc. ","MA","Healthcare Provider","12633","01/31/2025","Unauthorized Access/Disclosure","Network Server","No",""
"Methodist Homes of Alabama and Northwest Florida","AL","Healthcare Provider","908","01/30/2025","Hacking/IT Incident","Network Server","No",""
"ZI NEUROSCIENCES","NJ","Healthcare Provider","1000","01/30/2025","Unauthorized Access/Disclosure","Other, Paper/Films","No",""
"Community Health Center, Inc.","CT","Healthcare Provider","1060936","01/30/2025","Hacking/IT Incident","Electronic Medical Record, Network Server","No",""
"Spring River Mental Health & Wellness","KS","Healthcare Provider","3250","01/24/2025","Hacking/IT Incident","Network Server","No",""
"Benefits Management Group, Inc. ","IL","Business Associate","501","01/24/2025","Hacking/IT Incident","Network Server","Yes",""
"Aprendamos Intervention Team, P.A.","NM","Healthcare Provider","1916","01/23/2025","Unauthorized Access/Disclosure","Email","No",""
"Inlet Health dba Communicare ","KY","Healthcare Provider","3771","01/22/2025","Hacking/IT Incident","Network Server","No",""
"Apex Custom Software","TX","Business Associate","1500","01/22/2025","Hacking/IT Incident","Network Server","Yes",""
"University Diagnostic Medical Imaging, PC","NY","Healthcare Provider","138080","01/21/2025","Hacking/IT Incident","Network Server","No",""
"Holdrege Memorial Homes, Inc. ","NE","Healthcare Provider","1446","01/20/2025","Hacking/IT Incident","Network Server","No",""
"Behavioral Health Resources","WA","Healthcare Provider","49213","01/17/2025","Hacking/IT Incident","Network Server","No",""
"Allegheny Health Network Home Medical Equipment LLC and Allegheny Health Network Home Infusion LLC","PA","Healthcare Provider","292773","01/17/2025","Hacking/IT Incident","Network Server","Yes",""
"Asheville Eye Associates, PLLC","NC","Healthcare Provider","204984","01/17/2025","Hacking/IT Incident","Network Server","No",""
"Alpine Ears, Nose & Throat, P.L.L.C.","CO","Healthcare Provider","65648","01/17/2025","Unauthorized Access/Disclosure","Network Server","No",""
"Community Treatment Solutions","NJ","Healthcare Provider","950","01/16/2025","Hacking/IT Incident","Network Server","No",""
"Mid America Physician Services ","KS","Healthcare Provider","104513","01/13/2025","Hacking/IT Incident","Network Server","No",""
"Newport Harbor Pathology Medical Group, Inc.","CA","Healthcare Provider","119341","01/10/2025","Hacking/IT Incident","Network Server","No",""
"Samaritan Counseling Center of the Fox Valley","WI","Healthcare Provider","956","01/10/2025","Hacking/IT Incident","Email","No",""
"BayMark Health Services, Inc.","TX","Business Associate","3170","01/08/2025","Hacking/IT Incident","Network Server","Yes",""
"Eastern Idaho Public Health","ID","Healthcare Provider","759","01/07/2025","Unauthorized Access/Disclosure","Electronic Medical Record","No",""
"Medusind Inc.","FL","Business Associate","701475","01/07/2025","Hacking/IT Incident","Network Server","Yes",""
"DentaQuest","WI","Health Plan","868","01/06/2025","Unauthorized Access/Disclosure","Paper/Films","No",""
"Pediatric Home Respiratory Services, LLC d/b/a Pediatric Home Service","MN","Healthcare Provider","41792","01/06/2025","Hacking/IT Incident","Network Server","No",""
"North Los Angeles County Regional Center","CA","Business Associate","500","01/06/2025","Hacking/IT Incident","Network Server","Yes",""
"Ingham County Medical Care Facility, d/b/a Dobie Road","MI","Healthcare Provider","3078","01/05/2025","Hacking/IT Incident","Electronic Medical Record","Yes",""
"Buffalo Surgery Center","NY","Healthcare Provider","64000","01/04/2025","Hacking/IT Incident","Network Server","No",""
"The Plastic Surgery Center","NJ","Healthcare Provider","64813","01/03/2025","Hacking/IT Incident","Network Server","No",""
"Watsonville Community Hospital","CA","Healthcare Provider","30312","12/31/2024","Hacking/IT Incident","Network Server","No",""
"Legacy Treatment Services, Inc.","NJ","Healthcare Provider","29898","12/31/2024","Hacking/IT Incident","Network Server","No",""
"Tycon Medical Systems, Inc.","VA","Healthcare Provider","112847","12/30/2024","Hacking/IT Incident","Network Server","No",""
"Omaha Surgical Center","NE","Healthcare Provider","1110","12/30/2024","Hacking/IT Incident","Email","No",""
"Dragonfly Health","AZ","Business Associate","501","12/27/2024","Hacking/IT Incident","Email","Yes",""
"Polaris Endeavors","FL","Healthcare Provider","4552","12/24/2024","Hacking/IT Incident","Network Server","No",""
"Khalil Foundation (DBA Khalil Center)","IL","Healthcare Provider","1153","12/22/2024","Unauthorized Access/Disclosure","Network Server","No",""
"Effortless Office Enterprises, LLC","NV","Business Associate","3112","12/20/2024","Hacking/IT Incident","Network Server","Yes",""
"HealthEquity, Inc.","UT","Business Associate","1549","12/20/2024","Hacking/IT Incident","Network Server","Yes",""
"Richmond University Medical Center","NY","Healthcare Provider","674033","12/19/2024","Hacking/IT Incident","Network Server","No",""
"PracticeSuite, Inc.","FL","Business Associate","13000","12/17/2024","Hacking/IT Incident","Network Server","Yes",""
"Regional Care, Inc.","NE","Healthcare Clearing House","225728","12/17/2024","Hacking/IT Incident","Network Server","No",""
"California Correctional Health Care Services ","CA","Healthcare Provider","1416","12/17/2024","Loss","Paper/Films","No",""
"Kitsap Mental Health Services","WA","Healthcare Provider","500","12/16/2024","Hacking/IT Incident","Network Server","No",""
"Teton Orthopaedics","PA","Healthcare Provider","13409","12/16/2024","Hacking/IT Incident","Network Server","No",""
"Summit Medical Group, PLLC","TN","Healthcare Provider","464159","12/13/2024","Hacking/IT Incident","Email","No",""
"Northwest Asthma and Allergy Center","WA","Healthcare Provider","1000","12/12/2024","Hacking/IT Incident","Email","No",""
"El Paso Healthcare System, Ltd. d/b/a Las Palmas Del Sol Healthcare","TX","Healthcare Provider","1854","12/11/2024","Unauthorized Access/Disclosure","Electronic Medical Record","No",""
"Community Connections ","DC","Healthcare Provider","18949","12/11/2024","Hacking/IT Incident","Network Server","No",""
"River Region Cardiology","AL","Healthcare Provider","48600","12/11/2024","Hacking/IT Incident","Network Server","No",""
"Atrium Health","NC","Healthcare Provider","585959","12/02/2024","Unauthorized Access/Disclosure","Network Server","No",""
"Texas Tech University Health Sciences Center El Paso","TX","Healthcare Provider","815000","11/25/2024","Hacking/IT Incident","Network Server","No",""
"Texas Tech University Health Sciences Center","TX","Healthcare Provider","650000","11/25/2024","Hacking/IT Incident","Network Server","No",""
"Citadel of Northbrook","IL","Healthcare Provider","2155","11/25/2024","Hacking/IT Incident","Electronic Medical Record, Network Server","Yes",""
"American Addiction Centers, Inc.","TN","Business Associate","410747","11/25/2024","Hacking/IT Incident","Network Server","Yes",""
"Conceptions Reproductive Associates of Colorado","CO","Healthcare Provider","80000","11/25/2024","Hacking/IT Incident","Network Server","No",""
"Lubbock County Hospital District","TX","Healthcare Provider","1461776","11/22/2024","Hacking/IT Incident","Network Server","No",""
"East Central Missouri Behavioral Health Services, Inc.","MO","Healthcare Provider","20000","11/21/2024","Hacking/IT Incident","Network Server","No",""
"York County ","PA","Healthcare Provider","841","11/20/2024","Hacking/IT Incident","Email","No",""
"Laboratory Services Cooperative ","WA","Healthcare Provider","501","11/20/2024","Hacking/IT Incident","Network Server","No",""
"AuthoraCare Collective","NC","Healthcare Provider","57944","11/19/2024","Unauthorized Access/Disclosure","Network Server","No",""
"Terrace of Hialeah","FL","Healthcare Provider","1177","11/18/2024","Hacking/IT Incident","Network Server","Yes",""
"Dolton Nursing & Rehab, LLC","IL","Healthcare Provider","1559","11/18/2024","Hacking/IT Incident","Electronic Medical Record, Network Server","Yes",""
"HealthFund Solutions, LLC","FL","Business Associate","5198","11/15/2024","Hacking/IT Incident","Email","Yes",""
"ESHA, Inc.","TX","Business Associate","76922","11/15/2024","Hacking/IT Incident","Network Server","Yes",""
"Maternal Fetal Medicine Associates, PLLC, Carnegie Hill Imaging for Women, and Carnegie Women’s Health (collectively, “the Practices”)","NY","Healthcare Provider","501","11/15/2024","Hacking/IT Incident","Network Server","No",""
"ASPEN HEALTHCARE SERVICES INC","TX","Healthcare Provider","7195","11/15/2024","Hacking/IT Incident","Electronic Medical Record","No",""
"Physicians' Primary Care of Southwest Florida","FL","Healthcare Provider","500","11/14/2024","Hacking/IT Incident","Network Server","No",""
"Rocky Mountain Gastroenterology Associates PLLC ","CO","Healthcare Provider","366491","11/13/2024","Hacking/IT Incident","Network Server","No",""
"Radiologic Medical Services, P.C.","IA","Healthcare Provider","56902","11/12/2024","Hacking/IT Incident","Email","No",""
"Humboldt Independent Practice Association (Humboldt IPA)","CA","Healthcare Provider","500","11/11/2024","Hacking/IT Incident","Email","No",""
"United Seating and Mobility, LLC dba Numotion","TN","Healthcare Provider","2319","11/11/2024","Hacking/IT Incident","Email","No",""
"Mid-Minnesota Management Services d/b/a Central Resources","IL","Business Associate","1232","11/08/2024","Unauthorized Access/Disclosure","Other","Yes",""
"Huron Inc. Health Plan","MI","Health Plan","750","11/08/2024","Unauthorized Access/Disclosure","Network Server","No",""
"South West Family Medicine Associates, PA ","TX","Healthcare Provider","36959","11/07/2024","Hacking/IT Incident","Network Server","No",""
"Great Plains Regional Medical Center","OK","Healthcare Provider","133149","11/07/2024","Hacking/IT Incident","Network Server","No",""
"Mohawk Valley Cardiology, P.C.","NY","Healthcare Provider","4973","11/04/2024","Unauthorized Access/Disclosure","Other","No",""
"Northeast Professional Home Care, Inc.","OH","Healthcare Provider","648","11/01/2024","Hacking/IT Incident","Email","No",""
"Brain & Eye Connection Vision Clinic, PC","OK","Healthcare Provider","2207","11/01/2024","Hacking/IT Incident","Network Server","No",""
"Rockford Gastroenterology Associates ","IL","Healthcare Provider","147253","10/30/2024","Hacking/IT Incident","Network Server","No",""
"Boatright Inc.","IN","Healthcare Provider","746","10/29/2024","Hacking/IT Incident","Email","No",""
"Hawaii Radiologic Associates, Ltd. ","HI","Healthcare Provider","23205","10/25/2024","Hacking/IT Incident","Network Server","No",""
"Gandara Mental Health Center ","MA","Healthcare Provider","20024","10/24/2024","Hacking/IT Incident","Network Server","No",""
"Northeast Spine and Sports Medicine, LLC","NJ","Healthcare Provider","6300","10/24/2024","Hacking/IT Incident","Network Server","No",""
"Mystic Valley Elder Services - Business Associate","MA","Business Associate","2402","10/22/2024","Hacking/IT Incident","Network Server","Yes",""
"Clay Platte Family Medicine","MO","Healthcare Provider","53916","10/18/2024","Hacking/IT Incident","Network Server","No",""
"Advanced Recovery Equipment & Supplies, LLC","NY","Healthcare Provider","56000","10/18/2024","Hacking/IT Incident","Network Server","No",""
"Detroit Wayne Integrated Health Network","MI","Healthcare Provider","3347","10/18/2024","Hacking/IT Incident","Laptop","No",""
"RRCA Accounts Management Inc.","IL","Business Associate","115837","10/18/2024","Hacking/IT Incident","Desktop Computer, Network Server","Yes",""
"Summit Pathology and Summit Pathology Laboratories, Inc.","CO","Healthcare Provider","1813538","10/18/2024","Hacking/IT Incident","Network Server","No",""
"Valleygate Dental Surgery Centers of Charlotte, Fayetteville, and the West, LLC.","NC","Healthcare Provider","14589","10/17/2024","Hacking/IT Incident","Network Server","No",""
"Jacksonville Children's Multispecialty Clinics/Atlantic Medical Management ","NC","Healthcare Provider","2224","10/17/2024","Unauthorized Access/Disclosure","Email","No",""
"Ad Valorem Records, Inc. ","TN","Business Associate","590","10/11/2024","Unauthorized Access/Disclosure","Paper/Films","Yes",""
"Wilmington Community Clinic","CA","Healthcare Provider","11601","10/11/2024","Hacking/IT Incident","Network Server","No",""
"TheraCom, L.L.C.","PA","Healthcare Provider","9271","10/08/2024","Hacking/IT Incident","Network Server","No",""
"Schneider Regional Medical Center","","Healthcare Provider","1570","10/07/2024","Hacking/IT Incident","Network Server","No",""
"Ciox Health LLC, d/b/a Datavant Group","AZ","Business Associate","320702","10/07/2024","Hacking/IT Incident","Email","Yes",""
"ATSG, Inc","NY","Business Associate","909469","10/04/2024","Hacking/IT Incident","Network Server","Yes",""
"Omni Family Health","CA","Healthcare Provider","468344","10/04/2024","Hacking/IT Incident","Network Server","No",""
"Dr. Daniel J. Leeman, M.D.","TX","Healthcare Provider","50000","10/04/2024","Hacking/IT Incident","Network Server","No",""
"Texas Spine Consultants, PLLC ","TX","Healthcare Provider","8048","09/26/2024","Hacking/IT Incident","Email","No",""
"Asheville Arthritis and Osteoporosis Center, P.A.","NC","Healthcare Provider","58251","09/20/2024","Hacking/IT Incident","Network Server","No",""
"Muskogee City County Enhanced 911 Trust Authority","OK","Business Associate","180000","09/20/2024","Hacking/IT Incident","Network Server","Yes",""
"Jacobsen Construction Co., Inc. Health Plan","UT","Health Plan","2127","09/20/2024","Hacking/IT Incident","Network Server","No",""
"Southern Bone & Joint Specialists, PA (“Southern Bone”)","MS","Healthcare Provider","7162","09/17/2024","Hacking/IT Incident","Email","No",""
"Rim Country Health and Rehabilitation ","AZ","Healthcare Provider","721","09/16/2024","Hacking/IT Incident","Email","No",""
"Maryville Academy","IL","Healthcare Provider","500","09/13/2024","Hacking/IT Incident","Network Server","No",""
"Atrium Health","NC","Healthcare Provider","32120","09/13/2024","Hacking/IT Incident","Email","No",""
"Nationwide Recovery Services, Inc.","GA","Business Associate","501","09/09/2024","Hacking/IT Incident","Network Server","Yes",""
"Welcome Health","CA","Healthcare Provider","597","09/06/2024","Hacking/IT Incident","Email","No",""
"EngageMED, Inc ","AR","Business Associate","249297","08/30/2024","Hacking/IT Incident","Network Server","Yes",""
"Minnesota Department of Human Services","MN","Healthcare Provider","4329","08/30/2024","Hacking/IT Incident","Email","No",""
"CODAC Inc dba CODAC Behavioral Health and CODAC Healthcare, LLC","RI","Healthcare Provider","9592","08/27/2024","Hacking/IT Incident","Network Server","No",""
"Blue Cross and Blue Shield of North Carolina","NC","Business Associate","972","08/27/2024","Hacking/IT Incident","Network Server","Yes",""
"Pomona Community Health Center dba ParkTree Community Health Center","CA","Healthcare Provider","40964","08/21/2024","Hacking/IT Incident","Network Server","No",""
"Excelsior Orthopaedics, LLC","NY","Healthcare Provider","292913","08/21/2024","Hacking/IT Incident","Network Server","No",""
"VeriSource Services, Inc.","TX","Business Associate","112726","08/20/2024","Hacking/IT Incident","Network Server","Yes",""
"Acadian Ambulance Service, Inc. ","LA","Healthcare Provider","2896985","08/20/2024","Hacking/IT Incident","Network Server","No",""
"Contents Trader, Inc.","TX","Healthcare Provider","27329","08/20/2024","Unauthorized Access/Disclosure","Network Server","No",""
"Kerber, Eck & Braeckel LLP","IL","Business Associate","134918","08/16/2024","Hacking/IT Incident","Network Server","Yes",""
"Specialty Networks, Inc. ","TN","Business Associate","411037","08/15/2024","Hacking/IT Incident","Network Server","Yes",""
"siParadigm LLC","NJ","Healthcare Provider","501","08/09/2024","Hacking/IT Incident","Network Server","No",""
"Turning Point of Central California, Inc.","CA","Healthcare Provider","53737","08/09/2024","Hacking/IT Incident","Network Server","No",""
"HealthEquity, Inc.","UT","Business Associate","4300000","08/09/2024","Hacking/IT Incident","Network Server","Yes",""
"Gramercy Surgery Center, Inc.","NY","Healthcare Provider","52372","08/09/2024","Hacking/IT Incident","Network Server","No",""
"Pemiscot Memorial Health System","MO","Healthcare Provider","33279","08/09/2024","Unauthorized Access/Disclosure","Electronic Medical Record","No",""
" Pocahontas Medical Clinic, PA","AR","Healthcare Provider","31216","08/06/2024","Hacking/IT Incident","Network Server","No",""
"Calibrated Healthcare, LLC","CA","Business Associate","6890","08/02/2024","Hacking/IT Incident","Network Server","Yes",""
"Alabama Cardiovascular Group","AL","Healthcare Provider","280534","08/02/2024","Hacking/IT Incident","Network Server","No",""
"Wayne Memorial Hospital","GA","Healthcare Provider","2500","08/02/2024","Hacking/IT Incident","Network Server","No",""
"Roseland Community Hospital Association","IL","Healthcare Provider","500","08/01/2024","Hacking/IT Incident","Network Server","No",""
"Frilot L.L.C.","LA","Business Associate","501","08/01/2024","Hacking/IT Incident","Network Server","Yes",""
"Deer Oaks Behavioral Health ","TX","Healthcare Provider","171871","07/31/2024","Hacking/IT Incident","Network Server","No",""
"Delta County Memorial Hospital District (Delta Health)","CO","Healthcare Provider","148363","07/29/2024","Hacking/IT Incident","Network Server","No",""
"United of Omaha Life Insurance Company","NE","Health Plan","107894","07/26/2024","Hacking/IT Incident","Email","No",""
"Surgery Center of Mid Florida","FL","Healthcare Provider","48684","07/24/2024","Hacking/IT Incident","Network Server","No",""
"Sutton Dental Arts","OR","Healthcare Provider","4109","07/22/2024","Hacking/IT Incident","Network Server","No",""
"EMS Department for the Kansas City, Kansas Fire Department   ","KS","Healthcare Provider","501","07/20/2024","Hacking/IT Incident","Network Server","No",""
"Sun City Pediatrics, PA","TX","Healthcare Provider","4500","07/19/2024","Hacking/IT Incident","Network Server","No",""
"Community Counseling of Bristol County, Inc.","MA","Healthcare Provider","44991","07/19/2024","Hacking/IT Incident","Network Server","No",""
"Change Healthcare, Inc.","MN","Business Associate","192700000","07/19/2024","Hacking/IT Incident","Network Server","Yes",""
"Fairfax Radiological Consultants ","VA","Healthcare Provider","3512","07/12/2024","Hacking/IT Incident","Network Server","No",""
"School Employees' Benefit Trust","IN","Health Plan","1371","07/05/2024","Hacking/IT Incident","Network Server","Yes",""
"Palomar Health Medical Group","CA","Healthcare Provider","1140221","07/03/2024","Hacking/IT Incident","Network Server","No",""
"Ascension Health","MO","Healthcare Provider","5466931","07/03/2024","Hacking/IT Incident","Network Server","No",""
"DaVita Inc.","CO","Healthcare Provider","67443","07/03/2024","Unauthorized Access/Disclosure","Network Server","No",""
"Atlanta Perinatal Consultants, LLP","GA","Healthcare Provider","1508","07/02/2024","Hacking/IT Incident","Network Server","Yes",""
"Regional Obstetrical Consultants PC","TN","Healthcare Provider","25650","07/02/2024","Hacking/IT Incident","Network Server","No",""
"Georgia Kidney Associates, Inc.","GA","Healthcare Provider","9940","06/28/2024","Theft","Other","No",""
"Geisinger","PA","Healthcare Provider","1276026","06/21/2024","Unauthorized Access/Disclosure","Network Server","Yes",""
"The Lash Group, LLC","PA","Business Associate","15196","06/21/2024","Hacking/IT Incident","Network Server","Yes",""
"Radiology and Imaging Specialists","FL","Healthcare Provider","37210","06/17/2024","Hacking/IT Incident","Email","No",""
"Neurobehavioral Medicine Consultants, P.C.","OH","Healthcare Provider","18182","06/14/2024","Hacking/IT Incident","Network Server","No",""
"IBEW LOCAL 236 WELFARE FUND","CT","Health Plan","3217","06/11/2024","Hacking/IT Incident","Network Server","Yes",""
"ASBESTOS WORKERS LOCAL 42 WELFARE PLAN","GA","Health Plan","520","06/11/2024","Hacking/IT Incident","Network Server","Yes",""
"Signature Performance, Inc.","NE","Business Associate","130228","06/10/2024","Hacking/IT Incident","Network Server","Yes",""
"Community Alliance Rehabilitation Services","NE","Healthcare Provider","10750","06/07/2024","Hacking/IT Incident","Network Server","No",""
"Insurance ACE/Humana Inc.","KY","Health Plan","15003","06/05/2024","Unauthorized Access/Disclosure","Paper/Films","No",""
"Panorama Eyecare","CO","Healthcare Provider","377911","06/05/2024","Hacking/IT Incident","Network Server","No",""
"Easterseals Central Illinois","IL","Healthcare Provider","500","05/31/2024","Hacking/IT Incident","Network Server","No",""
"AmerisourceBergen Specialty Group, LLC","PA","Healthcare Provider","3102","05/31/2024","Hacking/IT Incident","Network Server","No",""
"AmerisourceBergen Specialty Group, LLC","PA","Healthcare Provider","252214","05/24/2024","Hacking/IT Incident","Network Server","No",""
"A&A Services d/b/a Sav-Rx","NE","Business Associate","2812336","05/24/2024","Hacking/IT Incident","Network Server","Yes",""
"City of St. Cloud","FL","Health Plan","2273","05/24/2024","Hacking/IT Incident","Network Server","No",""
"Tri-City Healthcare District","CA","Healthcare Provider","108149","05/23/2024","Hacking/IT Incident","Network Server","No",""
"Trionfo Solutions, LLC","IL","Business Associate","81588","05/22/2024","Hacking/IT Incident","Network Server","Yes",""
"Omni Healthcare Financial Holdings","NC","Business Associate","16852","05/18/2024","Hacking/IT Incident","Network Server","Yes",""
"Victoria Eye Center/Victoria Surgery Center/Victoria Vision Center","TX","Healthcare Provider","80000","05/17/2024","Hacking/IT Incident","Network Server","No",""
"Pope & Conner Consulting, Inc.","WI","Business Associate","1035","05/15/2024","Hacking/IT Incident","Email","Yes",""
"Hypertension-Nephrology Associates, P.C. ","PA","Healthcare Provider","39491","05/14/2024","Hacking/IT Incident","Electronic Medical Record, Network Server","No",""
"Superior Air-Ground Ambulance Service, Inc. ","IL","Healthcare Provider","1039972","05/10/2024","Hacking/IT Incident","Network Server","No",""
"WebTPA Employer Services, LLC (“WebTPA”)","TX","Business Associate","2518533","05/08/2024","Hacking/IT Incident","Network Server","Yes",""
"Watson Clinic","FL","Healthcare Provider","280278","05/08/2024","Hacking/IT Incident","Network Server","No",""
"Kenneth Young Center","IL","Healthcare Provider","6842","05/06/2024","Hacking/IT Incident","Network Server","No",""
"Medical Express Ambulance Inc.  D/B/A Medex Ambulance","IL","Healthcare Provider","121190","05/02/2024","Hacking/IT Incident","Network Server","No",""
"United Seating and Mobility, L.L.C., d/b/a Numotion","TN","Healthcare Provider","602265","05/01/2024","Hacking/IT Incident","Network Server","No",""
"AMERICAN RENAL MANAGEMENT","TN","Business Associate","501","04/29/2024","Hacking/IT Incident","Network Server","Yes",""
"Signature Healthcare Services LLC","CA","Business Associate","14696","04/27/2024","Hacking/IT Incident","Network Server","Yes",""
"Empath-Stratum Inc. doing business as  Empath Health","FL","Healthcare Provider","5545","04/25/2024","Hacking/IT Incident","Email","No",""
"Therapeutic Health Services ","WA","Healthcare Provider","501","04/25/2024","Hacking/IT Incident","Network Server","No",""
"Kootenai Health","ID","Healthcare Provider","464088","04/24/2024","Hacking/IT Incident","Network Server","No",""
"Medical Billing Specialists, Inc.","MA","Business Associate","43673","04/24/2024","Hacking/IT Incident","Network Server","Yes",""
"NorthBay Healthcare Corporation","CA","Healthcare Provider","569012","04/23/2024","Hacking/IT Incident","Network Server","No",""
"Cumberland Heights Foundation, Inc. ","TN","Healthcare Provider","5078","04/19/2024","Hacking/IT Incident","Email","No",""
"Bridgeway Center, Inc.","FL","Healthcare Provider","36353","04/19/2024","Hacking/IT Incident","Network Server","No",""
"Kaiser Foundation Health Plan, Inc.","CA","Health Plan","13400000","04/12/2024","Unauthorized Access/Disclosure","Network Server","No",""
"Gaia Software, LLC","CO","Business Associate","56676","04/05/2024","Hacking/IT Incident","Network Server","Yes",""
"UNC Hospitals","NC","Healthcare Provider","3142","04/02/2024","Hacking/IT Incident","Email","No",""
"Delta Health System","MS","Healthcare Provider","216532","03/29/2024","Hacking/IT Incident","Network Server","No",""
"Strive Holdco, LLC","TX","Healthcare Provider","51477","03/28/2024","Unauthorized Access/Disclosure","Network Server","No",""
"Family Health Center ","MI","Healthcare Provider","33240","03/24/2024","Hacking/IT Incident","Network Server","No",""
"Mary H. Makhlouf, DMD, MS, PA","NC","Healthcare Provider","1797","03/22/2024","Hacking/IT Incident","Network Server","No",""
"Sycamore Rehabilitation Services, Inc.","IN","Healthcare Provider","3414","03/18/2024","Hacking/IT Incident","Network Server","No",""
"Vail Summit Orthopaedics, LLC (“VSON”)","CO","Healthcare Provider","1138","03/04/2024","Hacking/IT Incident","Network Server","No",""
"Bradford Health Services, LLC ","AL","Healthcare Provider","28543","02/06/2024","Hacking/IT Incident","Network Server","No",""
"Bloom Health Centers","MD","Healthcare Provider","1954","02/01/2024","Hacking/IT Incident","Email","No",""
"Marathon County Special Education","WI","Healthcare Provider","10079","12/20/2023","Hacking/IT Incident","Email","No",""
"Community Dental","ME","Healthcare Provider","1523","11/17/2023","Hacking/IT Incident","Network Server","No",""
"Claxton-Hepburn Medical Center","NY","Healthcare Provider","757","11/02/2023","Hacking/IT Incident","Network Server","No",""
"Premier Health Partners and wholly owned covered entities listed in description section below","OH","Healthcare Provider","10833","10/12/2023","Hacking/IT Incident","Network Server","No",""
"Shady Lane Nursing Home","NJ","Healthcare Provider","566","02/17/2023","Hacking/IT Incident","Desktop Computer, Laptop, Network Server","No",""
